-- ============================================================
-- Seed de contenido académico base (materias, meses, semanas)
-- Ejecutar DESPUÉS de schema.sql via setup.sql
-- ============================================================
INSERT INTO public.materias (id, nombre, descripcion, nivel, orden, icono, color, activa) VALUES ('f0551b82-1c3e-4286-bfb4-878842bc6eff','Tutoría de Ingreso I','Esta materia te acompaña en tu transición al bachillerato virtual.','demo',0,'🎓','#8B5CF6',true) ON CONFLICT (id) DO NOTHING;
INSERT INTO public.materias (id, nombre, descripcion, nivel, orden, icono, color, activa) VALUES ('2a87142b-cccc-483d-bdd7-55c760783b4f','Conocimiento matemático I','Conocimiento matemático I — Preparatoria {{CLIENTE_NOMBRE}}','preparatoria',2,'','#3B82F6',true) ON CONFLICT (id) DO NOTHING;
INSERT INTO public.materias (id, nombre, descripcion, nivel, orden, icono, color, activa) VALUES ('d311999a-6171-4886-8ad2-e8bfb4f84313','Lengua y comunicación I','Lengua y comunicación I — Preparatoria {{CLIENTE_NOMBRE}}','preparatoria',3,'','#10B981',true) ON CONFLICT (id) DO NOTHING;
INSERT INTO public.materias (id, nombre, descripcion, nivel, orden, icono, color, activa) VALUES ('acabfbb2-0d50-4108-bdc1-3264dab2b09d','Inglés nivel 1','Inglés nivel 1 — Preparatoria {{CLIENTE_NOMBRE}}','preparatoria',5,'','#F59E0B',true) ON CONFLICT (id) DO NOTHING;
INSERT INTO public.materias (id, nombre, descripcion, nivel, orden, icono, color, activa) VALUES ('93af7025-b2b1-43b1-9ed6-069185654593','Comunicación digital','Comunicación digital — Preparatoria {{CLIENTE_NOMBRE}}','preparatoria',4,'','#8B5CF6',true) ON CONFLICT (id) DO NOTHING;
INSERT INTO public.materias (id, nombre, descripcion, nivel, orden, icono, color, activa) VALUES ('15628583-9543-417e-8e23-a93136573c1b','Historia e identidad universitaria','Historia e identidad universitaria — Preparatoria {{CLIENTE_NOMBRE}}','preparatoria',6,'','#EF4444',true) ON CONFLICT (id) DO NOTHING;
INSERT INTO public.materias (id, nombre, descripcion, nivel, orden, icono, color, activa) VALUES ('c2fcee6f-2c80-4b8a-ab2b-0f1c43d45fa1','Sexualidad y género','Sexualidad y género — Preparatoria {{CLIENTE_NOMBRE}}','preparatoria',7,'','#EC4899',true) ON CONFLICT (id) DO NOTHING;
INSERT INTO public.materias (id, nombre, descripcion, nivel, orden, icono, color, activa) VALUES ('211c2dba-b682-4bec-904e-5307fc11954a','Estilo de vida saludable','Estilo de vida saludable — Preparatoria {{CLIENTE_NOMBRE}}','preparatoria',8,'','#059669',true) ON CONFLICT (id) DO NOTHING;
INSERT INTO public.materias (id, nombre, descripcion, nivel, orden, icono, color, activa) VALUES ('e3f004d8-4451-4a65-9c91-bac3f87d2378','Tutoría de ingreso I','Tutoría de ingreso I — Preparatoria {{CLIENTE_NOMBRE}}','preparatoria',1,'','#8B5CF6',true) ON CONFLICT (id) DO NOTHING;
INSERT INTO public.materias (id, nombre, descripcion, nivel, orden, icono, color, activa) VALUES ('c38ccf75-def7-427b-8c00-3004858a1110','Conocimiento matemático II','Conocimiento matemático II — Preparatoria {{CLIENTE_NOMBRE}}','preparatoria',10,'','#3B82F6',true) ON CONFLICT (id) DO NOTHING;
INSERT INTO public.materias (id, nombre, descripcion, nivel, orden, icono, color, activa) VALUES ('aee1d793-17ad-4660-b3b6-0a5d8fe23609','Comprensión lectora I','Comprensión lectora I — Preparatoria {{CLIENTE_NOMBRE}}','preparatoria',9,'','#10B981',true) ON CONFLICT (id) DO NOTHING;
INSERT INTO public.materias (id, nombre, descripcion, nivel, orden, icono, color, activa) VALUES ('8c0aeb5e-86ce-453b-8f54-94541339679a','Inglés nivel 2','Inglés nivel 2 — Preparatoria {{CLIENTE_NOMBRE}}','preparatoria',11,'','#F59E0B',true) ON CONFLICT (id) DO NOTHING;
INSERT INTO public.materias (id, nombre, descripcion, nivel, orden, icono, color, activa) VALUES ('9230531e-4c22-4117-a461-3a8885045ea8','Pensamiento digital y programación básica','Pensamiento digital y programación básica — Preparatoria {{CLIENTE_NOMBRE}}','preparatoria',12,'','#8B5CF6',true) ON CONFLICT (id) DO NOTHING;
INSERT INTO public.materias (id, nombre, descripcion, nivel, orden, icono, color, activa) VALUES ('f51d13ed-3a4e-5729-a9b8-1aaf79d3f419','Matemáticas I','Domina los fundamentos matemáticos que usas cada día.','secundaria',13,'','#10B981',true) ON CONFLICT (id) DO NOTHING;
INSERT INTO public.materias (id, nombre, descripcion, nivel, orden, icono, color, activa) VALUES ('f7d9ddf1-5f54-5350-9bb9-aab495dcd44c','Español I','Fortalece tus habilidades de comunicación escrita y oral.','secundaria',14,'','#F59E0B',true) ON CONFLICT (id) DO NOTHING;
INSERT INTO public.materias (id, nombre, descripcion, nivel, orden, icono, color, activa) VALUES ('9dc95773-244e-5c66-954b-c242871676c7','Ciencias Naturales I','Conoce el cuerpo humano desde adentro.','secundaria',15,'','#8B5CF6',true) ON CONFLICT (id) DO NOTHING;
INSERT INTO public.materias (id, nombre, descripcion, nivel, orden, icono, color, activa) VALUES ('7dd96c42-e938-5124-b974-09c4367489d2','Ciencias Sociales I','Descubre cómo se formó México.','secundaria',16,'','#EF4444',true) ON CONFLICT (id) DO NOTHING;
INSERT INTO public.materias (id, nombre, descripcion, nivel, orden, icono, color, activa) VALUES ('6910206a-33bc-585b-a661-181fd79ac248','Matemáticas II','Fracciones, decimales, porcentajes y geometría práctica.','secundaria',17,'','#EC4899',true) ON CONFLICT (id) DO NOTHING;
INSERT INTO public.materias (id, nombre, descripcion, nivel, orden, icono, color, activa) VALUES ('4c76da90-5ba7-59f4-b318-b0d44c313cec','Español II','Lleva tu lectura y escritura al siguiente nivel.','secundaria',18,'','#059669',true) ON CONFLICT (id) DO NOTHING;
INSERT INTO public.materias (id, nombre, descripcion, nivel, orden, icono, color, activa) VALUES ('e7cf6e45-7144-5168-8ef8-decf6298c739','Ciencias Naturales II','Explora el mundo natural: ecosistemas, biodiversidad, cambio climático.','secundaria',19,'','#0EA5E9',true) ON CONFLICT (id) DO NOTHING;
INSERT INTO public.materias (id, nombre, descripcion, nivel, orden, icono, color, activa) VALUES ('07b614db-fe8c-50d2-8860-df558a69f2dc','Ciencias Sociales II','Continúa la historia de México desde la Reforma hasta hoy.','secundaria',20,'','#F97316',true) ON CONFLICT (id) DO NOTHING;
INSERT INTO public.materias (id, nombre, descripcion, nivel, orden, icono, color, activa) VALUES ('6689c61d-1fa0-5c54-9720-2e3455dfc90f','Matemáticas III','Álgebra básica, estadística y probabilidad.','secundaria',21,'','#6366F1',true) ON CONFLICT (id) DO NOTHING;
INSERT INTO public.materias (id, nombre, descripcion, nivel, orden, icono, color, activa) VALUES ('e7b1d600-ff59-594c-b5fb-0f69b950d380','Español III','Textos argumentativos, investigación documental, ensayo y exposición oral.','secundaria',22,'','#14B8A6',true) ON CONFLICT (id) DO NOTHING;
INSERT INTO public.materias (id, nombre, descripcion, nivel, orden, icono, color, activa) VALUES ('eb2f212b-b239-5007-b69b-a91466e55825','Inglés Básico','Tu primera puerta al idioma más hablado en los negocios y el mundo.','secundaria',23,'','#84CC16',true) ON CONFLICT (id) DO NOTHING;
INSERT INTO public.materias (id, nombre, descripcion, nivel, orden, icono, color, activa) VALUES ('34dc3cbf-1381-5d9e-8ca9-107905a242f3','Tecnología y Vida Digital','Habilidades esenciales para usar computadora y navegar internet con seguridad.','secundaria',24,'','#3B82F6',true) ON CONFLICT (id) DO NOTHING;
INSERT INTO public.meses_contenido (id, materia_id, numero_mes, titulo, descripcion) VALUES ('aa000000-0000-4000-a000-000000000001','f0551b82-1c3e-4286-bfb4-878842bc6eff',1,'Habilidades para el estudio virtual','Desarrolla las habilidades esenciales para tener éxito en el bachillerato virtual.') ON CONFLICT (id) DO NOTHING;
INSERT INTO public.meses_contenido (id, materia_id, numero_mes, titulo, descripcion) VALUES ('6c116d17-6d0c-5c1c-aa44-baf418b61c47','2a87142b-cccc-483d-bdd7-55c760783b4f',1,'Mes 1 — Conocimiento matemático I','Contenido del mes 1') ON CONFLICT (id) DO NOTHING;
INSERT INTO public.meses_contenido (id, materia_id, numero_mes, titulo, descripcion) VALUES ('f7e463ed-db15-579a-a203-141cdd7e1ebb','d311999a-6171-4886-8ad2-e8bfb4f84313',2,'Mes 2 — Lengua y comunicación I','Contenido del mes 1') ON CONFLICT (id) DO NOTHING;
INSERT INTO public.meses_contenido (id, materia_id, numero_mes, titulo, descripcion) VALUES ('731bc427-4468-5a6c-aaad-e65c3a8d6146','f51d13ed-3a4e-5729-a9b8-1aaf79d3f419',1,'Mes 1 — Matemáticas I','Contenido del mes 1') ON CONFLICT (id) DO NOTHING;
INSERT INTO public.meses_contenido (id, materia_id, numero_mes, titulo, descripcion) VALUES ('ba924bac-bacd-5282-a33d-09cad7b9b256','f7d9ddf1-5f54-5350-9bb9-aab495dcd44c',1,'Mes 1 — Español I','Contenido del mes 1') ON CONFLICT (id) DO NOTHING;
INSERT INTO public.meses_contenido (id, materia_id, numero_mes, titulo, descripcion) VALUES ('dffddff0-a9cf-58fd-8569-66989a48ee97','93af7025-b2b1-43b1-9ed6-069185654593',2,'Mes 2 — Comunicación digital','Contenido del mes 2') ON CONFLICT (id) DO NOTHING;
INSERT INTO public.meses_contenido (id, materia_id, numero_mes, titulo, descripcion) VALUES ('b20cc8bb-febe-5505-9c93-cc0f6a85fd1b','acabfbb2-0d50-4108-bdc1-3264dab2b09d',3,'Mes 3 — Inglés nivel 1','Contenido del mes 2') ON CONFLICT (id) DO NOTHING;
INSERT INTO public.meses_contenido (id, materia_id, numero_mes, titulo, descripcion) VALUES ('71e8e00a-517a-5d90-8a22-3fc9e46d632c','4c76da90-5ba7-59f4-b318-b0d44c313cec',2,'Mes 3 — Español II','Contenido del mes 3') ON CONFLICT (id) DO NOTHING;
INSERT INTO public.meses_contenido (id, materia_id, numero_mes, titulo, descripcion) VALUES ('93b7ab53-4318-5143-8e71-c62175bc80eb','6910206a-33bc-585b-a661-181fd79ac248',2,'Mes 3 — Matemáticas II','Contenido del mes 3') ON CONFLICT (id) DO NOTHING;
INSERT INTO public.meses_contenido (id, materia_id, numero_mes, titulo, descripcion) VALUES ('0ec2f753-6645-5905-90d6-819c679a8d90','15628583-9543-417e-8e23-a93136573c1b',3,'Mes 3 — Historia e identidad universitaria','Contenido del mes 3') ON CONFLICT (id) DO NOTHING;
INSERT INTO public.meses_contenido (id, materia_id, numero_mes, titulo, descripcion) VALUES ('5cac80a7-a154-55f1-ab09-6e225080fd8e','c2fcee6f-2c80-4b8a-ab2b-0f1c43d45fa1',4,'Mes 4 — Sexualidad y género','Contenido del mes 3') ON CONFLICT (id) DO NOTHING;
INSERT INTO public.meses_contenido (id, materia_id, numero_mes, titulo, descripcion) VALUES ('388ec1bd-056f-52ba-97e6-e3a102c82c4b','e7b1d600-ff59-594c-b5fb-0f69b950d380',3,'Mes 5 — Español III','Contenido del mes 5') ON CONFLICT (id) DO NOTHING;
INSERT INTO public.meses_contenido (id, materia_id, numero_mes, titulo, descripcion) VALUES ('e98d3896-04cd-5da9-a745-a8c7721afdc8','6689c61d-1fa0-5c54-9720-2e3455dfc90f',3,'Mes 5 — Matemáticas III','Contenido del mes 5') ON CONFLICT (id) DO NOTHING;
INSERT INTO public.meses_contenido (id, materia_id, numero_mes, titulo, descripcion) VALUES ('524e6fb7-3736-53b0-aa73-f85f8b3bb08b','211c2dba-b682-4bec-904e-5307fc11954a',4,'Mes 4 — Estilo de vida saludable','Contenido del mes 4') ON CONFLICT (id) DO NOTHING;
INSERT INTO public.meses_contenido (id, materia_id, numero_mes, titulo, descripcion) VALUES ('9bf3da5d-6f1b-5d12-a004-1b94505245e1','7dd96c42-e938-5124-b974-09c4367489d2',4,'Mes 2 — Ciencias Sociales I','Contenido del mes 2') ON CONFLICT (id) DO NOTHING;
INSERT INTO public.meses_contenido (id, materia_id, numero_mes, titulo, descripcion) VALUES ('8ce1cfdc-551a-5f9f-bc15-630347505fa6','9dc95773-244e-5c66-954b-c242871676c7',4,'Mes 2 — Ciencias Naturales I','Contenido del mes 2') ON CONFLICT (id) DO NOTHING;
INSERT INTO public.meses_contenido (id, materia_id, numero_mes, titulo, descripcion) VALUES ('952fca1c-848c-5d8f-9aff-7f7ac7e0b2e9','e3f004d8-4451-4a65-9c91-bac3f87d2378',1,'Mes 1 — Tutoría de ingreso I','Contenido del mes 4') ON CONFLICT (id) DO NOTHING;
INSERT INTO public.meses_contenido (id, materia_id, numero_mes, titulo, descripcion) VALUES ('c70d184c-8c29-5773-8df8-06de172dcbb9','07b614db-fe8c-50d2-8860-df558a69f2dc',5,'Mes 4 — Ciencias Sociales II','Contenido del mes 4') ON CONFLICT (id) DO NOTHING;
INSERT INTO public.meses_contenido (id, materia_id, numero_mes, titulo, descripcion) VALUES ('709f7ded-a11e-59f7-8009-67783b77dc3f','aee1d793-17ad-4660-b3b6-0a5d8fe23609',5,'Mes 5 — Comprensión lectora I','Contenido del mes 5') ON CONFLICT (id) DO NOTHING;
INSERT INTO public.meses_contenido (id, materia_id, numero_mes, titulo, descripcion) VALUES ('24f3cde9-8cd0-51fd-b564-6b9ee338d771','c38ccf75-def7-427b-8c00-3004858a1110',5,'Mes 5 — Conocimiento matemático II','Contenido del mes 5') ON CONFLICT (id) DO NOTHING;
INSERT INTO public.meses_contenido (id, materia_id, numero_mes, titulo, descripcion) VALUES ('4696e724-1600-58ee-8f3d-775fd43017f3','e7cf6e45-7144-5168-8ef8-decf6298c739',5,'Mes 4 — Ciencias Naturales II','Contenido del mes 4') ON CONFLICT (id) DO NOTHING;
INSERT INTO public.meses_contenido (id, materia_id, numero_mes, titulo, descripcion) VALUES ('7b2ec0c6-ea36-5036-a009-f221be14a0ea','34dc3cbf-1381-5d9e-8ca9-107905a242f3',6,'Mes 6 — Tecnología y Vida Digital','Contenido del mes 6') ON CONFLICT (id) DO NOTHING;
INSERT INTO public.meses_contenido (id, materia_id, numero_mes, titulo, descripcion) VALUES ('96ea3067-19cc-5c1d-92c8-f72241a6b949','8c0aeb5e-86ce-453b-8f54-94541339679a',6,'Mes 6 — Inglés nivel 2','Contenido del mes 6') ON CONFLICT (id) DO NOTHING;
INSERT INTO public.meses_contenido (id, materia_id, numero_mes, titulo, descripcion) VALUES ('77bb1e8e-266f-5367-92b7-f4df3baf2dfb','9230531e-4c22-4117-a461-3a8885045ea8',6,'Mes 6 — Pensamiento digital y programación básica','Contenido del mes 6') ON CONFLICT (id) DO NOTHING;
INSERT INTO public.meses_contenido (id, materia_id, numero_mes, titulo, descripcion) VALUES ('33f40446-79bc-53a7-a115-02bd512d197e','eb2f212b-b239-5007-b69b-a91466e55825',6,'Mes 6 — Inglés Básico','Contenido del mes 6') ON CONFLICT (id) DO NOTHING;
INSERT INTO public.semanas (id, mes_id, numero_semana, titulo, video_url, video_url_2, video_url_3, tiempo_estimado_minutos) VALUES ('cc000001-0000-4000-a000-000000000001','aa000000-0000-4000-a000-000000000001',1,'Bienvenida al bachillerato virtual — qué esperar','https://www.youtube.com/watch?v=1X2d40mAXKM','https://www.youtube.com/watch?v=-3zGsjMUJKE','https://www.youtube.com/watch?v=rVAQBnSogso',60) ON CONFLICT (id) DO NOTHING;
INSERT INTO public.semanas (id, mes_id, numero_semana, titulo, video_url, video_url_2, video_url_3, tiempo_estimado_minutos) VALUES ('cc000002-0000-4000-a000-000000000001','aa000000-0000-4000-a000-000000000001',2,'Estilos de aprendizaje — descubre cómo aprendes mejor','https://www.youtube.com/watch?v=SJqqC0kf8CY','https://www.youtube.com/watch?v=V7K6-nmkkT8','https://www.youtube.com/watch?v=BodjJNp8KMw',66) ON CONFLICT (id) DO NOTHING;
INSERT INTO public.semanas (id, mes_id, numero_semana, titulo, video_url, video_url_2, video_url_3, tiempo_estimado_minutos) VALUES ('cc000003-0000-4000-a000-000000000001','aa000000-0000-4000-a000-000000000001',3,'Técnicas de estudio efectivas','https://www.youtube.com/watch?v=-8YazHRMcXk','https://www.youtube.com/watch?v=-1nP0VcwGPY','https://www.youtube.com/watch?v=jBbeUc6A8y4',68) ON CONFLICT (id) DO NOTHING;
INSERT INTO public.semanas (id, mes_id, numero_semana, titulo, video_url, video_url_2, video_url_3, tiempo_estimado_minutos) VALUES ('cc000004-0000-4000-a000-000000000001','aa000000-0000-4000-a000-000000000001',4,'Gestión del tiempo y organización personal','https://www.youtube.com/watch?v=864228rfcv4','https://www.youtube.com/watch?v=2vXB24qZeIs','https://www.youtube.com/watch?v=VsFhp4BJGbM',66) ON CONFLICT (id) DO NOTHING;
INSERT INTO public.semanas (id, mes_id, numero_semana, titulo, video_url, video_url_2, video_url_3, tiempo_estimado_minutos) VALUES ('cc000005-0000-4000-a000-000000000001','aa000000-0000-4000-a000-000000000001',5,'Motivación y disciplina en la educación a distancia','https://www.youtube.com/watch?v=wuH9BYDCimQ','https://www.youtube.com/watch?v=OLKWN8yYECY','https://www.youtube.com/watch?v=sZcLcmZL2bY',66) ON CONFLICT (id) DO NOTHING;
INSERT INTO public.semanas (id, mes_id, numero_semana, titulo, video_url, video_url_2, video_url_3, tiempo_estimado_minutos) VALUES ('cc000006-0000-4000-a000-000000000001','aa000000-0000-4000-a000-000000000001',6,'Herramientas digitales para el estudio','https://www.youtube.com/watch?v=4VAbA0D3rY4','https://www.youtube.com/watch?v=XsNU3w-N3fg','https://www.youtube.com/watch?v=gaFO36Ek9_Q',71) ON CONFLICT (id) DO NOTHING;
INSERT INTO public.semanas (id, mes_id, numero_semana, titulo, video_url, video_url_2, video_url_3, tiempo_estimado_minutos) VALUES ('cc000007-0000-4000-a000-000000000001','aa000000-0000-4000-a000-000000000001',7,'Mi proyecto académico — metas y plan de acción','https://www.youtube.com/watch?v=u5hJEpgQ1iA','https://www.youtube.com/watch?v=Og7iI31kwPQ','https://www.youtube.com/watch?v=NAR-J4cOLZA',66) ON CONFLICT (id) DO NOTHING;
INSERT INTO public.semanas (id, mes_id, numero_semana, titulo, video_url, video_url_2, video_url_3, tiempo_estimado_minutos) VALUES ('cc000008-0000-4000-a000-000000000001','aa000000-0000-4000-a000-000000000001',8,'Repaso general y preparación para examen final','https://www.youtube.com/watch?v=KocAhjNyD_Y','https://www.youtube.com/watch?v=9mgUIIL2WOw','https://www.youtube.com/watch?v=i-V82HARXTg',45) ON CONFLICT (id) DO NOTHING;
INSERT INTO public.semanas (id, mes_id, numero_semana, titulo, video_url, video_url_2, video_url_3, tiempo_estimado_minutos) VALUES ('dc5f3cb2-c6cb-489f-92d6-7644cdbe4276','6c116d17-6d0c-5c1c-aa44-baf418b61c47',1,'Sistemas numéricos','https://www.youtube.com/watch?v=pYi-s-3n6QU','https://www.youtube.com/watch?v=2gprr0HLAYc','https://www.youtube.com/watch?v=wfTud90Ee00',60) ON CONFLICT (id) DO NOTHING;
INSERT INTO public.semanas (id, mes_id, numero_semana, titulo, video_url, video_url_2, video_url_3, tiempo_estimado_minutos) VALUES ('98bc88c3-5587-487a-a992-b7f957a538d6','6c116d17-6d0c-5c1c-aa44-baf418b61c47',2,'Jerarquía de operaciones y operaciones combinadas','https://www.youtube.com/watch?v=w016sdtyv1w','https://www.youtube.com/watch?v=XV5PiV2-91U','https://www.youtube.com/watch?v=Yz2eYKqgO58',60) ON CONFLICT (id) DO NOTHING;
INSERT INTO public.semanas (id, mes_id, numero_semana, titulo, video_url, video_url_2, video_url_3, tiempo_estimado_minutos) VALUES ('89c22fca-746b-43f4-9ebb-798d86568257','6c116d17-6d0c-5c1c-aa44-baf418b61c47',3,'Fracciones, decimales y conversiones','https://www.youtube.com/watch?v=pOm1azhMuYM','https://www.youtube.com/watch?v=JSs9ycdiZRE','https://www.youtube.com/watch?v=W9oY1ovfei4',60) ON CONFLICT (id) DO NOTHING;
INSERT INTO public.semanas (id, mes_id, numero_semana, titulo, video_url, video_url_2, video_url_3, tiempo_estimado_minutos) VALUES ('d498879e-4394-4470-8154-6b9a550a7657','6c116d17-6d0c-5c1c-aa44-baf418b61c47',4,'Expresiones algebraicas y lenguaje algebraico','https://www.youtube.com/watch?v=UNWFLuUfiX4','https://www.youtube.com/watch?v=UJiUu8-fYgI','https://www.youtube.com/watch?v=oeVCBbMFPyo',60) ON CONFLICT (id) DO NOTHING;
INSERT INTO public.semanas (id, mes_id, numero_semana, titulo, video_url, video_url_2, video_url_3, tiempo_estimado_minutos) VALUES ('fff9308e-29fc-4d4e-a93d-450a47fe8085','6c116d17-6d0c-5c1c-aa44-baf418b61c47',5,'Ecuaciones lineales de primer grado','https://www.youtube.com/watch?v=8rT0DZbYGEs','https://www.youtube.com/watch?v=IHblqjW8RY8','https://www.youtube.com/watch?v=6Y2_dstRTfQ',60) ON CONFLICT (id) DO NOTHING;
INSERT INTO public.semanas (id, mes_id, numero_semana, titulo, video_url, video_url_2, video_url_3, tiempo_estimado_minutos) VALUES ('95bd1790-0b9d-48d6-a969-8202e123ac10','6c116d17-6d0c-5c1c-aa44-baf418b61c47',6,'Razones, proporciones y porcentajes','https://www.youtube.com/watch?v=3eYwW4sDlxM','https://www.youtube.com/watch?v=Z9A6KT4tw-w','https://www.youtube.com/watch?v=8liYyQJ3PIE',60) ON CONFLICT (id) DO NOTHING;
INSERT INTO public.semanas (id, mes_id, numero_semana, titulo, video_url, video_url_2, video_url_3, tiempo_estimado_minutos) VALUES ('15b75f4c-aad4-4f2f-8f8e-adeb5221121e','6c116d17-6d0c-5c1c-aa44-baf418b61c47',7,'Geometría básica — perímetro y área','https://www.youtube.com/watch?v=OTT8SKMdBD8','https://www.youtube.com/watch?v=7iC-GAsvzcM','https://www.youtube.com/watch?v=TZDgCnfDrIE',60) ON CONFLICT (id) DO NOTHING;
INSERT INTO public.semanas (id, mes_id, numero_semana, titulo, video_url, video_url_2, video_url_3, tiempo_estimado_minutos) VALUES ('736eda0f-b8af-4576-84b6-a306b0e8047f','6c116d17-6d0c-5c1c-aa44-baf418b61c47',8,'Repaso general y preparación para examen final','https://www.youtube.com/watch?v=LtqhmqTaTsA','https://www.youtube.com/watch?v=0d5VWxcSUIk','https://www.youtube.com/watch?v=i-V82HARXTg',60) ON CONFLICT (id) DO NOTHING;
INSERT INTO public.semanas (id, mes_id, numero_semana, titulo, video_url, video_url_2, video_url_3, tiempo_estimado_minutos) VALUES ('9c58c68d-ea91-5d03-896d-5b888ecb3619','ba924bac-bacd-5282-a33d-09cad7b9b256',1,'El proceso de comunicación — cómo nos entendemos los seres humanos','https://www.youtube.com/watch?v=mDMD5mP807Q','https://www.youtube.com/watch?v=Bw4ZLVTarSA','https://www.youtube.com/watch?v=LyyAYlPuixQ',60) ON CONFLICT (id) DO NOTHING;
INSERT INTO public.semanas (id, mes_id, numero_semana, titulo, video_url, video_url_2, video_url_3, tiempo_estimado_minutos) VALUES ('361aa0b8-aa95-5770-90a3-81be0b5af6aa','ba924bac-bacd-5282-a33d-09cad7b9b256',2,'Tipos de texto — reconocer para qué sirve lo que lees','https://www.youtube.com/watch?v=mKqa49RKnC4','https://www.youtube.com/watch?v=tMP1lds7pLM','https://www.youtube.com/watch?v=YdGwL2eJhRQ',60) ON CONFLICT (id) DO NOTHING;
INSERT INTO public.semanas (id, mes_id, numero_semana, titulo, video_url, video_url_2, video_url_3, tiempo_estimado_minutos) VALUES ('007dbe4c-659e-574d-b769-5b930782248d','ba924bac-bacd-5282-a33d-09cad7b9b256',3,'Lectura de comprensión — leer no es solo pasar los ojos por el papel','https://www.youtube.com/watch?v=NxHyGzFCpKQ','https://www.youtube.com/watch?v=WhnVbUj46Kg','https://www.youtube.com/watch?v=JKcL__qBKqk',60) ON CONFLICT (id) DO NOTHING;
INSERT INTO public.semanas (id, mes_id, numero_semana, titulo, video_url, video_url_2, video_url_3, tiempo_estimado_minutos) VALUES ('2a8968df-8bae-5a36-b47c-8109363d3a9c','ba924bac-bacd-5282-a33d-09cad7b9b256',4,'Ortografía básica — las reglas que más se usan','https://www.youtube.com/watch?v=XMPl6cwsGvw','https://www.youtube.com/watch?v=69KYr9BaiYA','https://www.youtube.com/watch?v=csnW1s9olaI',60) ON CONFLICT (id) DO NOTHING;
INSERT INTO public.semanas (id, mes_id, numero_semana, titulo, video_url, video_url_2, video_url_3, tiempo_estimado_minutos) VALUES ('dd675000-605a-5fe9-a5ea-ec901dd6792d','ba924bac-bacd-5282-a33d-09cad7b9b256',5,'El uso del diccionario y el vocabulario','https://www.youtube.com/watch?v=0mUDJs2w1C8','https://www.youtube.com/watch?v=kQ15EmoaG10','https://www.youtube.com/watch?v=_KluLhtWl_8',60) ON CONFLICT (id) DO NOTHING;
INSERT INTO public.semanas (id, mes_id, numero_semana, titulo, video_url, video_url_2, video_url_3, tiempo_estimado_minutos) VALUES ('2dfbd890-8eb0-5225-867f-0cce60218dc4','ba924bac-bacd-5282-a33d-09cad7b9b256',6,'La oración — cómo construir ideas completas','https://www.youtube.com/watch?v=h-mdJt22aOQ','https://www.youtube.com/watch?v=9sIyWoR6SlU','https://www.youtube.com/watch?v=W9vn4PU7e9Y',60) ON CONFLICT (id) DO NOTHING;
INSERT INTO public.semanas (id, mes_id, numero_semana, titulo, video_url, video_url_2, video_url_3, tiempo_estimado_minutos) VALUES ('9b21dc94-18c3-5c7d-b3cf-924050d89e00','ba924bac-bacd-5282-a33d-09cad7b9b256',7,'El párrafo — la unidad básica de la escritura','https://www.youtube.com/watch?v=_WJeJp0qEKU','https://www.youtube.com/watch?v=NgsQEB43PgA','https://www.youtube.com/watch?v=2arjlwqTKv8',60) ON CONFLICT (id) DO NOTHING;
INSERT INTO public.semanas (id, mes_id, numero_semana, titulo, video_url, video_url_2, video_url_3, tiempo_estimado_minutos) VALUES ('a40e115e-895f-51cd-92e6-53b4716cee17','ba924bac-bacd-5282-a33d-09cad7b9b256',8,'Repaso general y preparación para examen final','https://www.youtube.com/watch?v=XXU_OTUr0hg','https://www.youtube.com/watch?v=TQ71hQY1o-c','https://www.youtube.com/watch?v=pKwU5IFgRUQ',60) ON CONFLICT (id) DO NOTHING;
INSERT INTO public.semanas (id, mes_id, numero_semana, titulo, video_url, video_url_2, video_url_3, tiempo_estimado_minutos) VALUES ('dd8600f2-0324-5a6c-9a0b-1f22a1473fdd','731bc427-4468-5a6c-aaad-e65c3a8d6146',1,'Números naturales — qué son, para qué sirven, la recta numérica','https://www.youtube.com/watch?v=uhK8FmgsxY8','https://www.youtube.com/watch?v=bzhaPNRbvIU','https://www.youtube.com/watch?v=ECrzUBi-rqY',60) ON CONFLICT (id) DO NOTHING;
INSERT INTO public.semanas (id, mes_id, numero_semana, titulo, video_url, video_url_2, video_url_3, tiempo_estimado_minutos) VALUES ('8e70dcb8-ed9e-5f5d-82de-81add5dc50cb','731bc427-4468-5a6c-aaad-e65c3a8d6146',2,'Operaciones básicas — suma, resta, multiplicación y división con sentido práctico','https://www.youtube.com/watch?v=4pB_ki1EmNc','https://www.youtube.com/watch?v=gw7DYLX-AXw','https://www.youtube.com/watch?v=N3vD22wJfyw',60) ON CONFLICT (id) DO NOTHING;
INSERT INTO public.semanas (id, mes_id, numero_semana, titulo, video_url, video_url_2, video_url_3, tiempo_estimado_minutos) VALUES ('7e91e0cd-f622-50ea-8861-a3b82e7bed7d','731bc427-4468-5a6c-aaad-e65c3a8d6146',3,'Jerarquía de operaciones — el orden que cambia todo','https://www.youtube.com/watch?v=XV5PiV2-91U','https://www.youtube.com/watch?v=FIjylOufxyU','https://www.youtube.com/watch?v=i684TUoMPFc',60) ON CONFLICT (id) DO NOTHING;
INSERT INTO public.semanas (id, mes_id, numero_semana, titulo, video_url, video_url_2, video_url_3, tiempo_estimado_minutos) VALUES ('45d00ac0-3697-55fa-95bb-5c71e04f5648','731bc427-4468-5a6c-aaad-e65c3a8d6146',4,'Números enteros — los negativos en la vida real','https://www.youtube.com/watch?v=d-XN3xawGp0','https://www.youtube.com/watch?v=bzhaPNRbvIU','https://www.youtube.com/watch?v=A7rYBrd7NE0',60) ON CONFLICT (id) DO NOTHING;
INSERT INTO public.semanas (id, mes_id, numero_semana, titulo, video_url, video_url_2, video_url_3, tiempo_estimado_minutos) VALUES ('5c6e6aa9-8ab8-5af2-b035-fbc6b4d0dd39','731bc427-4468-5a6c-aaad-e65c3a8d6146',5,'Múltiplos y divisores — factores y tablas de multiplicar','https://www.youtube.com/watch?v=lYsgJU2Dr9I','https://www.youtube.com/watch?v=jifqWoTSK6o','https://www.youtube.com/watch?v=SIPR7Wrp-qg',60) ON CONFLICT (id) DO NOTHING;
INSERT INTO public.semanas (id, mes_id, numero_semana, titulo, video_url, video_url_2, video_url_3, tiempo_estimado_minutos) VALUES ('6925ade3-3ad3-5514-8970-44ddaca56315','731bc427-4468-5a6c-aaad-e65c3a8d6146',6,'Criterios de divisibilidad — trucos para dividir rápido','https://www.youtube.com/watch?v=9OAzUJD8Yr0','https://www.youtube.com/watch?v=7lMa1aosYWI','https://www.youtube.com/watch?v=3QPpyuNycQI',60) ON CONFLICT (id) DO NOTHING;
INSERT INTO public.semanas (id, mes_id, numero_semana, titulo, video_url, video_url_2, video_url_3, tiempo_estimado_minutos) VALUES ('65ae6a6e-0b0b-5f4a-9129-9b6ef60e956f','731bc427-4468-5a6c-aaad-e65c3a8d6146',7,'MCM y MCD — mínimo común múltiplo y máximo común divisor','https://www.youtube.com/watch?v=WD4rGWCRBYY','https://www.youtube.com/watch?v=2Pxsm91QiRU','https://www.youtube.com/watch?v=4Vrqghvp2j8',60) ON CONFLICT (id) DO NOTHING;
INSERT INTO public.semanas (id, mes_id, numero_semana, titulo, video_url, video_url_2, video_url_3, tiempo_estimado_minutos) VALUES ('5bfde3a5-213e-5c1a-982f-c6051c8957f5','731bc427-4468-5a6c-aaad-e65c3a8d6146',8,'Repaso general y preparación para examen final','https://www.youtube.com/watch?v=LtqhmqTaTsA','https://www.youtube.com/watch?v=0d5VWxcSUIk','https://www.youtube.com/watch?v=p-fzfzn6CEU',60) ON CONFLICT (id) DO NOTHING;
INSERT INTO public.semanas (id, mes_id, numero_semana, titulo, video_url, video_url_2, video_url_3, tiempo_estimado_minutos) VALUES ('1e09048e-517d-4192-91f5-a39911b5567b','f7e463ed-db15-579a-a203-141cdd7e1ebb',1,'El proceso de comunicación y tipos de lenguaje','https://www.youtube.com/watch?v=mDMD5mP807Q','https://www.youtube.com/watch?v=lYNBSp5a3RA','https://www.youtube.com/watch?v=dGcKZc4AHio',60) ON CONFLICT (id) DO NOTHING;
INSERT INTO public.semanas (id, mes_id, numero_semana, titulo, video_url, video_url_2, video_url_3, tiempo_estimado_minutos) VALUES ('0847342e-925d-4dcf-a2f1-43e55e78d66c','f7e463ed-db15-579a-a203-141cdd7e1ebb',2,'Tipos de texto','https://www.youtube.com/watch?v=tMP1lds7pLM','https://www.youtube.com/watch?v=j9uZNZjj7Vg','https://www.youtube.com/watch?v=8wCcpL_oKm4',60) ON CONFLICT (id) DO NOTHING;
INSERT INTO public.semanas (id, mes_id, numero_semana, titulo, video_url, video_url_2, video_url_3, tiempo_estimado_minutos) VALUES ('bfa10dba-13b7-4af5-a43e-539ac600f6e6','f7e463ed-db15-579a-a203-141cdd7e1ebb',3,'Comprensión lectora — ideas principales y secundarias','https://www.youtube.com/watch?v=iR0-03DZJGI','https://www.youtube.com/watch?v=4v6-sU7QJ_w','https://www.youtube.com/watch?v=BXARzIXuSso',60) ON CONFLICT (id) DO NOTHING;
INSERT INTO public.semanas (id, mes_id, numero_semana, titulo, video_url, video_url_2, video_url_3, tiempo_estimado_minutos) VALUES ('ab966df6-1c1e-4994-8604-36e0ea3c7cf4','f7e463ed-db15-579a-a203-141cdd7e1ebb',4,'Ortografía — reglas de acentuación','https://www.youtube.com/watch?v=dfzlBAMVrBI','https://www.youtube.com/watch?v=69KYr9BaiYA','https://www.youtube.com/watch?v=f3Pv0vVGKDk',60) ON CONFLICT (id) DO NOTHING;
INSERT INTO public.semanas (id, mes_id, numero_semana, titulo, video_url, video_url_2, video_url_3, tiempo_estimado_minutos) VALUES ('dfd86690-196b-435a-b15c-dc24add54f49','f7e463ed-db15-579a-a203-141cdd7e1ebb',5,'Signos de puntuación y su uso correcto','https://www.youtube.com/watch?v=2Bs6tknaLJQ','https://www.youtube.com/watch?v=Og9AmzjGn2g','https://www.youtube.com/watch?v=bUJhBIfcHgs',60) ON CONFLICT (id) DO NOTHING;
INSERT INTO public.semanas (id, mes_id, numero_semana, titulo, video_url, video_url_2, video_url_3, tiempo_estimado_minutos) VALUES ('6a12bdb1-8ebf-413a-8ca4-fc9710ff52ec','f7e463ed-db15-579a-a203-141cdd7e1ebb',6,'Estructura del párrafo y coherencia textual','https://www.youtube.com/watch?v=NAVDbW1Xl3U','https://www.youtube.com/watch?v=YdGwL2eJhRQ','https://www.youtube.com/watch?v=NgsQEB43PgA',60) ON CONFLICT (id) DO NOTHING;
INSERT INTO public.semanas (id, mes_id, numero_semana, titulo, video_url, video_url_2, video_url_3, tiempo_estimado_minutos) VALUES ('fc0bd98c-9d00-48eb-8f2d-2edcba27e544','f7e463ed-db15-579a-a203-141cdd7e1ebb',7,'Redacción de textos formales','https://www.youtube.com/watch?v=pJPm2CGTPgc','https://www.youtube.com/watch?v=3neCEW378vc','https://www.youtube.com/watch?v=Bgmv4GNHMqE',60) ON CONFLICT (id) DO NOTHING;
INSERT INTO public.semanas (id, mes_id, numero_semana, titulo, video_url, video_url_2, video_url_3, tiempo_estimado_minutos) VALUES ('2ba2eed4-3f40-4495-865e-f548bc24ab33','f7e463ed-db15-579a-a203-141cdd7e1ebb',8,'Repaso general y preparación para examen final','https://www.youtube.com/watch?v=vFtCipDU5RI','https://www.youtube.com/watch?v=JeT2nhK2Hc4','https://www.youtube.com/watch?v=QshsgujPmW4',60) ON CONFLICT (id) DO NOTHING;
INSERT INTO public.semanas (id, mes_id, numero_semana, titulo, video_url, video_url_2, video_url_3, tiempo_estimado_minutos) VALUES ('6d973d65-35a8-4039-821d-8a641e347452','b20cc8bb-febe-5505-9c93-cc0f6a85fd1b',1,'El abecedario, números y saludos básicos','https://www.youtube.com/watch?v=W_LhyqgaRJI','https://www.youtube.com/watch?v=I2SaZnEjmZw','https://www.youtube.com/watch?v=PeXZktbTgLo',60) ON CONFLICT (id) DO NOTHING;
INSERT INTO public.semanas (id, mes_id, numero_semana, titulo, video_url, video_url_2, video_url_3, tiempo_estimado_minutos) VALUES ('4e0bdc06-b10f-49f5-a0f6-7089076e9f2b','b20cc8bb-febe-5505-9c93-cc0f6a85fd1b',2,'Pronombres personales y el verbo TO BE','https://www.youtube.com/watch?v=D0RgdfHXFKE','https://www.youtube.com/watch?v=mAWBouMOzcY','https://www.youtube.com/watch?v=dFJvNYdKGrA',60) ON CONFLICT (id) DO NOTHING;
INSERT INTO public.semanas (id, mes_id, numero_semana, titulo, video_url, video_url_2, video_url_3, tiempo_estimado_minutos) VALUES ('f499bb47-47ca-43d1-8aec-9407af6a789b','b20cc8bb-febe-5505-9c93-cc0f6a85fd1b',3,'Vocabulario — familia, colores, días y meses','https://www.youtube.com/watch?v=5o9rgTQCYtU','https://www.youtube.com/watch?v=OfDPsyZhCcU','https://www.youtube.com/watch?v=9WsUQZT9hMQ',60) ON CONFLICT (id) DO NOTHING;
INSERT INTO public.semanas (id, mes_id, numero_semana, titulo, video_url, video_url_2, video_url_3, tiempo_estimado_minutos) VALUES ('97168b14-4628-4650-8e54-2f924637e551','b20cc8bb-febe-5505-9c93-cc0f6a85fd1b',4,'Artículos, sustantivos y plurales','https://www.youtube.com/watch?v=QWvx1czzG4Y','https://www.youtube.com/watch?v=a-oLUsdOwWs','https://www.youtube.com/watch?v=rYLM2xM3ybM',60) ON CONFLICT (id) DO NOTHING;
INSERT INTO public.semanas (id, mes_id, numero_semana, titulo, video_url, video_url_2, video_url_3, tiempo_estimado_minutos) VALUES ('9e6e7df2-f44f-4f35-9ce8-575342bd61a8','b20cc8bb-febe-5505-9c93-cc0f6a85fd1b',5,'Presente simple — oraciones afirmativas','https://www.youtube.com/watch?v=sfjUz-Oyq5E','https://www.youtube.com/watch?v=sAlYXC4Aihw','https://www.youtube.com/watch?v=iX2oydgMg1U',60) ON CONFLICT (id) DO NOTHING;
INSERT INTO public.semanas (id, mes_id, numero_semana, titulo, video_url, video_url_2, video_url_3, tiempo_estimado_minutos) VALUES ('9f821b12-2f84-4871-b16d-5696e7b61aad','b20cc8bb-febe-5505-9c93-cc0f6a85fd1b',6,'Presente simple — negativas e interrogativas','https://www.youtube.com/watch?v=Vn2-z5cEEVk','https://www.youtube.com/watch?v=wtTAdfyejH0','https://www.youtube.com/watch?v=aWbVaxeLtns',60) ON CONFLICT (id) DO NOTHING;
INSERT INTO public.semanas (id, mes_id, numero_semana, titulo, video_url, video_url_2, video_url_3, tiempo_estimado_minutos) VALUES ('23a2f674-a669-4c3c-adda-5927bb032ad0','b20cc8bb-febe-5505-9c93-cc0f6a85fd1b',7,'Vocabulario — profesiones, lugares, la hora','https://www.youtube.com/watch?v=7sg7BFCx2J0','https://www.youtube.com/watch?v=PBeNG45KpFA','https://www.youtube.com/watch?v=eXmz3ibN0Mk',60) ON CONFLICT (id) DO NOTHING;
INSERT INTO public.semanas (id, mes_id, numero_semana, titulo, video_url, video_url_2, video_url_3, tiempo_estimado_minutos) VALUES ('489f7cab-98cf-4298-b6ef-7586c93ab94a','b20cc8bb-febe-5505-9c93-cc0f6a85fd1b',8,'Repaso general y preparación para examen final','https://www.youtube.com/watch?v=FeU-beri7tM','https://www.youtube.com/watch?v=_mS60CJt6hc','https://www.youtube.com/watch?v=Pi2snMjVv6E',60) ON CONFLICT (id) DO NOTHING;
INSERT INTO public.semanas (id, mes_id, numero_semana, titulo, video_url, video_url_2, video_url_3, tiempo_estimado_minutos) VALUES ('8abefc27-cec7-4781-bbe4-529ae88d7866','dffddff0-a9cf-58fd-8569-66989a48ee97',1,'Componentes de una computadora y sistemas operativos','https://www.youtube.com/watch?v=fsuroRYmagw','https://www.youtube.com/watch?v=hHf2NY7NPVM','https://www.youtube.com/watch?v=9W7mDdoZ4xI',60) ON CONFLICT (id) DO NOTHING;
INSERT INTO public.semanas (id, mes_id, numero_semana, titulo, video_url, video_url_2, video_url_3, tiempo_estimado_minutos) VALUES ('722df124-98de-4a7a-b4ad-4309e85d810f','dffddff0-a9cf-58fd-8569-66989a48ee97',2,'Navegadores web y búsqueda efectiva de información','https://www.youtube.com/watch?v=tBObvkx_nOg','https://www.youtube.com/watch?v=rw41W8crZ_Y','https://www.youtube.com/watch?v=aSWIQJw3o0k',60) ON CONFLICT (id) DO NOTHING;
INSERT INTO public.semanas (id, mes_id, numero_semana, titulo, video_url, video_url_2, video_url_3, tiempo_estimado_minutos) VALUES ('0368b63a-aee7-412a-8f2a-4bbbfd0efd43','dffddff0-a9cf-58fd-8569-66989a48ee97',3,'Correo electrónico — creación, uso y etiqueta digital','https://www.youtube.com/watch?v=Lu5mZ--xJNw','https://www.youtube.com/watch?v=ZVO7LqxaBVA','https://www.youtube.com/watch?v=eh00ZymaWD8',60) ON CONFLICT (id) DO NOTHING;
INSERT INTO public.semanas (id, mes_id, numero_semana, titulo, video_url, video_url_2, video_url_3, tiempo_estimado_minutos) VALUES ('56dad3dc-78bd-48f4-9929-9d8c5efe92d3','dffddff0-a9cf-58fd-8569-66989a48ee97',4,'Procesadores de texto — Google Docs / Word básico','https://www.youtube.com/watch?v=WMPygAnvy58','https://www.youtube.com/watch?v=bDYpiwXFWrs','https://www.youtube.com/watch?v=xApZhkNcJyY',60) ON CONFLICT (id) DO NOTHING;
INSERT INTO public.semanas (id, mes_id, numero_semana, titulo, video_url, video_url_2, video_url_3, tiempo_estimado_minutos) VALUES ('0f9c4eaa-a0fd-4cde-a727-14c9b5e06c81','dffddff0-a9cf-58fd-8569-66989a48ee97',5,'Presentaciones digitales','https://www.youtube.com/watch?v=tIAQtN8xer0','https://www.youtube.com/watch?v=3WnrtKYoZa0','https://www.youtube.com/watch?v=3VkLCbRIltc',60) ON CONFLICT (id) DO NOTHING;
INSERT INTO public.semanas (id, mes_id, numero_semana, titulo, video_url, video_url_2, video_url_3, tiempo_estimado_minutos) VALUES ('a4acbb34-1b6d-4509-b9c6-778d20e5b3dd','dffddff0-a9cf-58fd-8569-66989a48ee97',6,'Almacenamiento en la nube y organización de archivos','https://www.youtube.com/watch?v=B5JpUzGcCec','https://www.youtube.com/watch?v=FDnEIvadlv4','https://www.youtube.com/watch?v=Eug7PAWg834',60) ON CONFLICT (id) DO NOTHING;
INSERT INTO public.semanas (id, mes_id, numero_semana, titulo, video_url, video_url_2, video_url_3, tiempo_estimado_minutos) VALUES ('fb05e6ac-a745-4a12-9854-b340f6d007cf','dffddff0-a9cf-58fd-8569-66989a48ee97',7,'Seguridad digital y ciudadanía responsable en internet','https://www.youtube.com/watch?v=FlUmOyDWJ3Y','https://www.youtube.com/watch?v=7L2xdReZysQ','https://www.youtube.com/watch?v=dcYgA1qHBpM',60) ON CONFLICT (id) DO NOTHING;
INSERT INTO public.semanas (id, mes_id, numero_semana, titulo, video_url, video_url_2, video_url_3, tiempo_estimado_minutos) VALUES ('cd586867-1246-4582-ba92-b6d53b0ed6f1','dffddff0-a9cf-58fd-8569-66989a48ee97',8,'Repaso general y preparación para examen final','https://www.youtube.com/watch?v=vFtCipDU5RI','https://www.youtube.com/watch?v=KocAhjNyD_Y','https://www.youtube.com/watch?v=v__hILLQWA8',60) ON CONFLICT (id) DO NOTHING;
INSERT INTO public.semanas (id, mes_id, numero_semana, titulo, video_url, video_url_2, video_url_3, tiempo_estimado_minutos) VALUES ('71c3e3c7-67ca-4b79-8c3c-b8bb83a7b06d','0ec2f753-6645-5905-90d6-819c679a8d90',1,'México prehispánico — civilizaciones y educación','https://www.youtube.com/watch?v=J-3n1FFH6LQ','https://www.youtube.com/watch?v=WeVIhWd_eIk','https://www.youtube.com/watch?v=TYo3h6mPBvc',60) ON CONFLICT (id) DO NOTHING;
INSERT INTO public.semanas (id, mes_id, numero_semana, titulo, video_url, video_url_2, video_url_3, tiempo_estimado_minutos) VALUES ('58159d95-28fc-4752-af37-d9e03a1c42a5','0ec2f753-6645-5905-90d6-819c679a8d90',2,'La Conquista y la educación en la Nueva España','https://www.youtube.com/watch?v=TYo3h6mPBvc','https://www.youtube.com/watch?v=JKFCVTETfxU','https://www.youtube.com/watch?v=vXwevAjH_q0',60) ON CONFLICT (id) DO NOTHING;
INSERT INTO public.semanas (id, mes_id, numero_semana, titulo, video_url, video_url_2, video_url_3, tiempo_estimado_minutos) VALUES ('21b99e99-d12d-4306-a3dc-23659996d021','0ec2f753-6645-5905-90d6-819c679a8d90',3,'Independencia de México','https://www.youtube.com/watch?v=KMNvj0VpHvk','https://www.youtube.com/watch?v=HpHO0MffoOc','https://www.youtube.com/watch?v=fIHqDU8BT-o',60) ON CONFLICT (id) DO NOTHING;
INSERT INTO public.semanas (id, mes_id, numero_semana, titulo, video_url, video_url_2, video_url_3, tiempo_estimado_minutos) VALUES ('74cdcbee-f875-471a-8392-38002bef140f','0ec2f753-6645-5905-90d6-819c679a8d90',4,'La Reforma y la educación laica','https://www.youtube.com/watch?v=TYo3h6mPBvc','https://www.youtube.com/watch?v=6KSGWHGg1d0','https://www.youtube.com/watch?v=XhkZehEksEo',60) ON CONFLICT (id) DO NOTHING;
INSERT INTO public.semanas (id, mes_id, numero_semana, titulo, video_url, video_url_2, video_url_3, tiempo_estimado_minutos) VALUES ('69ab9f20-8142-4cc6-ad0e-4135569b6ae0','0ec2f753-6645-5905-90d6-819c679a8d90',5,'Revolución Mexicana y el artículo 3°','https://www.youtube.com/watch?v=ZpAdq8sb5iI','https://www.youtube.com/watch?v=u-1k6_D-7Tk','https://www.youtube.com/watch?v=TYo3h6mPBvc',60) ON CONFLICT (id) DO NOTHING;
INSERT INTO public.semanas (id, mes_id, numero_semana, titulo, video_url, video_url_2, video_url_3, tiempo_estimado_minutos) VALUES ('e76b2f04-17e9-4d52-abcb-c88644685be6','0ec2f753-6645-5905-90d6-819c679a8d90',6,'México moderno — el sistema educativo del siglo XX','https://www.youtube.com/watch?v=TYo3h6mPBvc','https://www.youtube.com/watch?v=OLKWN8yYECY','https://www.youtube.com/watch?v=ZpAdq8sb5iI',60) ON CONFLICT (id) DO NOTHING;
INSERT INTO public.semanas (id, mes_id, numero_semana, titulo, video_url, video_url_2, video_url_3, tiempo_estimado_minutos) VALUES ('56c4de7f-ef9b-4bcc-befa-640facd8e2e9','0ec2f753-6645-5905-90d6-819c679a8d90',7,'Jalisco — historia, cultura e identidad regional','https://www.youtube.com/watch?v=beH2XjO8iyY','https://www.youtube.com/watch?v=XeOkz7UxA2M','https://www.youtube.com/watch?v=YFTPolzuF54',60) ON CONFLICT (id) DO NOTHING;
INSERT INTO public.semanas (id, mes_id, numero_semana, titulo, video_url, video_url_2, video_url_3, tiempo_estimado_minutos) VALUES ('07ee6729-7efc-4bec-b611-ca730db15a6e','0ec2f753-6645-5905-90d6-819c679a8d90',8,'Repaso general y preparación para examen final','https://www.youtube.com/watch?v=IvuHnsne6kY','https://www.youtube.com/watch?v=IYmxD-G0vro','https://www.youtube.com/watch?v=CbSoaURC7gM',60) ON CONFLICT (id) DO NOTHING;
INSERT INTO public.semanas (id, mes_id, numero_semana, titulo, video_url, video_url_2, video_url_3, tiempo_estimado_minutos) VALUES ('d6979814-1791-4931-913b-9d9084c7af61','5cac80a7-a154-55f1-ab09-6e225080fd8e',1,'Conceptos básicos — sexo, género, orientación e identidad','https://www.youtube.com/watch?v=BWuw73WUsQM','https://www.youtube.com/watch?v=v2Sntu962ro','https://www.youtube.com/watch?v=YIMMq05B-pU',60) ON CONFLICT (id) DO NOTHING;
INSERT INTO public.semanas (id, mes_id, numero_semana, titulo, video_url, video_url_2, video_url_3, tiempo_estimado_minutos) VALUES ('169c2b59-5dbb-47a8-877b-6063e07dbb48','5cac80a7-a154-55f1-ab09-6e225080fd8e',2,'Anatomía y fisiología del aparato reproductor','https://www.youtube.com/watch?v=kLMbfsM7iAE','https://www.youtube.com/watch?v=51jeYQ4K2UM','https://www.youtube.com/watch?v=B9Zaxu58TSw',60) ON CONFLICT (id) DO NOTHING;
INSERT INTO public.semanas (id, mes_id, numero_semana, titulo, video_url, video_url_2, video_url_3, tiempo_estimado_minutos) VALUES ('98f431a1-b299-49c5-a947-8141786cc878','5cac80a7-a154-55f1-ab09-6e225080fd8e',3,'Pubertad y adolescencia — cambios físicos y emocionales','https://www.youtube.com/watch?v=VJ8UERRIaXM','https://www.youtube.com/watch?v=F1WrfWtsdRY','https://www.youtube.com/watch?v=QZBr5nhC8RU',60) ON CONFLICT (id) DO NOTHING;
INSERT INTO public.semanas (id, mes_id, numero_semana, titulo, video_url, video_url_2, video_url_3, tiempo_estimado_minutos) VALUES ('519b2f0d-8866-42a5-a868-7b72b16b3de1','5cac80a7-a154-55f1-ab09-6e225080fd8e',4,'Métodos anticonceptivos e infecciones de transmisión sexual','https://www.youtube.com/watch?v=F1WrfWtsdRY','https://www.youtube.com/watch?v=rijh8i_Pb94','https://www.youtube.com/watch?v=pkF6yi4c5yc',60) ON CONFLICT (id) DO NOTHING;
INSERT INTO public.semanas (id, mes_id, numero_semana, titulo, video_url, video_url_2, video_url_3, tiempo_estimado_minutos) VALUES ('337f93c7-c7bc-4173-98c4-ce5f6bbf3c3d','5cac80a7-a154-55f1-ab09-6e225080fd8e',5,'Derechos sexuales y reproductivos','https://www.youtube.com/watch?v=F1WrfWtsdRY','https://www.youtube.com/watch?v=QZBr5nhC8RU','https://www.youtube.com/watch?v=iSlXFgYwJuw',60) ON CONFLICT (id) DO NOTHING;
INSERT INTO public.semanas (id, mes_id, numero_semana, titulo, video_url, video_url_2, video_url_3, tiempo_estimado_minutos) VALUES ('96ec18c4-ecb2-4468-9168-3b9097cb5c70','5cac80a7-a154-55f1-ab09-6e225080fd8e',6,'Relaciones saludables, consentimiento y prevención de violencia','https://www.youtube.com/watch?v=F1WrfWtsdRY','https://www.youtube.com/watch?v=bbIeNpmjcMU','https://www.youtube.com/watch?v=IjC2mWN68Sk',60) ON CONFLICT (id) DO NOTHING;
INSERT INTO public.semanas (id, mes_id, numero_semana, titulo, video_url, video_url_2, video_url_3, tiempo_estimado_minutos) VALUES ('b3f2e5db-a01d-41d4-9425-95cd8cf0d590','5cac80a7-a154-55f1-ab09-6e225080fd8e',7,'Equidad de género y estereotipos','https://www.youtube.com/watch?v=d36phzZib90','https://www.youtube.com/watch?v=QZBr5nhC8RU','https://www.youtube.com/watch?v=a0PDd7eO0jo',60) ON CONFLICT (id) DO NOTHING;
INSERT INTO public.semanas (id, mes_id, numero_semana, titulo, video_url, video_url_2, video_url_3, tiempo_estimado_minutos) VALUES ('fd818ce0-acbe-4be9-8dab-e6965e6c7c51','5cac80a7-a154-55f1-ab09-6e225080fd8e',8,'Repaso general y preparación para examen final','https://www.youtube.com/watch?v=nCvecEYyu8I','https://www.youtube.com/watch?v=H-1cNJPBlCQ','https://www.youtube.com/watch?v=t2kO6PkzFoc',60) ON CONFLICT (id) DO NOTHING;
INSERT INTO public.semanas (id, mes_id, numero_semana, titulo, video_url, video_url_2, video_url_3, tiempo_estimado_minutos) VALUES ('bc691cdb-e9b9-4add-9a25-aa96487d6399','524e6fb7-3736-53b0-aa73-f85f8b3bb08b',1,'¿Qué es la salud? Dimensiones del bienestar','https://www.youtube.com/watch?v=mZ6gF5exJFI','https://www.youtube.com/watch?v=deG6m08_2Hs','https://www.youtube.com/watch?v=1HRbNG_mCNA',60) ON CONFLICT (id) DO NOTHING;
INSERT INTO public.semanas (id, mes_id, numero_semana, titulo, video_url, video_url_2, video_url_3, tiempo_estimado_minutos) VALUES ('075a4ebf-4563-41ee-aa80-4b5d1f63b140','524e6fb7-3736-53b0-aa73-f85f8b3bb08b',2,'Nutrición — macronutrientes y el Plato del Bien Comer','https://www.youtube.com/watch?v=qHimbDfTXYg','https://www.youtube.com/watch?v=Wr0_wULJnBE','https://www.youtube.com/watch?v=sDeqBSN-J3c',60) ON CONFLICT (id) DO NOTHING;
INSERT INTO public.semanas (id, mes_id, numero_semana, titulo, video_url, video_url_2, video_url_3, tiempo_estimado_minutos) VALUES ('706f3daa-dc18-4bf6-9a4c-c56d32487d2b','524e6fb7-3736-53b0-aa73-f85f8b3bb08b',3,'Alimentación saludable vs mitos nutricionales','https://www.youtube.com/watch?v=vmGqIbuQ52I','https://www.youtube.com/watch?v=qHimbDfTXYg','https://www.youtube.com/watch?v=uOt7XshEnKU',60) ON CONFLICT (id) DO NOTHING;
INSERT INTO public.semanas (id, mes_id, numero_semana, titulo, video_url, video_url_2, video_url_3, tiempo_estimado_minutos) VALUES ('ff53dd98-22f6-43ed-9f97-75cfde1a615f','524e6fb7-3736-53b0-aa73-f85f8b3bb08b',4,'Actividad física — beneficios y recomendaciones','https://www.youtube.com/watch?v=jsqONxiLcYM','https://www.youtube.com/watch?v=LbD1Cmo3zRQ','https://www.youtube.com/watch?v=qhwyGwNj06E',60) ON CONFLICT (id) DO NOTHING;
INSERT INTO public.semanas (id, mes_id, numero_semana, titulo, video_url, video_url_2, video_url_3, tiempo_estimado_minutos) VALUES ('5d71530d-4e10-483a-827c-c4ca46137492','524e6fb7-3736-53b0-aa73-f85f8b3bb08b',5,'Salud mental — estrés, ansiedad y manejo emocional','https://www.youtube.com/watch?v=StIyeHmS8ts','https://www.youtube.com/watch?v=45FaGbZdBpI','https://www.youtube.com/watch?v=wfOHdfqqJTs',60) ON CONFLICT (id) DO NOTHING;
INSERT INTO public.semanas (id, mes_id, numero_semana, titulo, video_url, video_url_2, video_url_3, tiempo_estimado_minutos) VALUES ('d6d452dc-715b-47c9-a3f6-29a57877c330','524e6fb7-3736-53b0-aa73-f85f8b3bb08b',6,'El sueño y su impacto en la salud','https://www.youtube.com/watch?v=YObDqs-RPv0','https://www.youtube.com/watch?v=qhwyGwNj06E','https://www.youtube.com/watch?v=czCphrEerwg',60) ON CONFLICT (id) DO NOTHING;
INSERT INTO public.semanas (id, mes_id, numero_semana, titulo, video_url, video_url_2, video_url_3, tiempo_estimado_minutos) VALUES ('59283110-6982-43bc-8cb0-cc71c852a27d','524e6fb7-3736-53b0-aa73-f85f8b3bb08b',7,'Prevención de adicciones — tabaco, alcohol y drogas','https://www.youtube.com/watch?v=9SHSNrwXKIM','https://www.youtube.com/watch?v=yEQCEdBaBfQ','https://www.youtube.com/watch?v=7wJvkIautCk',60) ON CONFLICT (id) DO NOTHING;
INSERT INTO public.semanas (id, mes_id, numero_semana, titulo, video_url, video_url_2, video_url_3, tiempo_estimado_minutos) VALUES ('1073ea0b-efd5-4054-8fd4-0523602facd3','524e6fb7-3736-53b0-aa73-f85f8b3bb08b',8,'Repaso general y preparación para examen final','https://www.youtube.com/watch?v=qHimbDfTXYg','https://www.youtube.com/watch?v=MAjm9Sfc9Mg','https://www.youtube.com/watch?v=pRBQdWI-ni8',60) ON CONFLICT (id) DO NOTHING;
INSERT INTO public.semanas (id, mes_id, numero_semana, titulo, video_url, video_url_2, video_url_3, tiempo_estimado_minutos) VALUES ('a7269a0d-0583-55f8-9ac2-d9ea077d2131','71e8e00a-517a-5d90-8a22-3fc9e46d632c',1,'Ideas principales e ideas secundarias','https://www.youtube.com/watch?v=iR0-03DZJGI','https://www.youtube.com/watch?v=lhFjBBpxRfo','https://www.youtube.com/watch?v=7UGlnmrlf5Q',60) ON CONFLICT (id) DO NOTHING;
INSERT INTO public.semanas (id, mes_id, numero_semana, titulo, video_url, video_url_2, video_url_3, tiempo_estimado_minutos) VALUES ('b8b154a3-1a53-5154-9b89-87f0bb083a7c','71e8e00a-517a-5d90-8a22-3fc9e46d632c',2,'El resumen — comprimir sin perder el mensaje','https://www.youtube.com/watch?v=joSerma5JxU','https://www.youtube.com/watch?v=PnuZK55j6r8','https://www.youtube.com/watch?v=ddAnqnG-AQg',60) ON CONFLICT (id) DO NOTHING;
INSERT INTO public.semanas (id, mes_id, numero_semana, titulo, video_url, video_url_2, video_url_3, tiempo_estimado_minutos) VALUES ('d3417bd2-7967-53b3-b39e-b12b07ea8546','71e8e00a-517a-5d90-8a22-3fc9e46d632c',3,'La paráfrasis — decirlo con tus palabras','https://www.youtube.com/watch?v=LF_rJvezvpU','https://www.youtube.com/watch?v=IS3yTxP6EEk','https://www.youtube.com/watch?v=qLyAC-xpSpQ',60) ON CONFLICT (id) DO NOTHING;
INSERT INTO public.semanas (id, mes_id, numero_semana, titulo, video_url, video_url_2, video_url_3, tiempo_estimado_minutos) VALUES ('0c1b9a2b-047e-5199-82a1-38edeb5cac62','71e8e00a-517a-5d90-8a22-3fc9e46d632c',4,'Signos de puntuación — el ritmo de la escritura','https://www.youtube.com/watch?v=2Bs6tknaLJQ','https://www.youtube.com/watch?v=IdfRCdVb3QE','https://www.youtube.com/watch?v=0KBjENLXJLo',60) ON CONFLICT (id) DO NOTHING;
INSERT INTO public.semanas (id, mes_id, numero_semana, titulo, video_url, video_url_2, video_url_3, tiempo_estimado_minutos) VALUES ('51dd7bb5-db86-5858-8f79-b39c249c0c52','71e8e00a-517a-5d90-8a22-3fc9e46d632c',5,'La acentuación — reglas generales y casos especiales','https://www.youtube.com/watch?v=dfzlBAMVrBI','https://www.youtube.com/watch?v=69KYr9BaiYA','https://www.youtube.com/watch?v=RntioP6rKNo',60) ON CONFLICT (id) DO NOTHING;
INSERT INTO public.semanas (id, mes_id, numero_semana, titulo, video_url, video_url_2, video_url_3, tiempo_estimado_minutos) VALUES ('296cfeb7-1542-5256-94d6-f1f5019f186c','71e8e00a-517a-5d90-8a22-3fc9e46d632c',6,'Texto formal I — la carta y el correo electrónico','https://www.youtube.com/watch?v=9AAkIj4kGCE','https://www.youtube.com/watch?v=I0VNY9hiFSs','https://www.youtube.com/watch?v=itxMfIl38SU',60) ON CONFLICT (id) DO NOTHING;
INSERT INTO public.semanas (id, mes_id, numero_semana, titulo, video_url, video_url_2, video_url_3, tiempo_estimado_minutos) VALUES ('be66e4c7-475e-5f93-8125-6478c8df62f6','71e8e00a-517a-5d90-8a22-3fc9e46d632c',7,'Texto formal II — el informe y la solicitud','https://www.youtube.com/watch?v=Bgmv4GNHMqE','https://www.youtube.com/watch?v=V_JmqL8qfPg','https://www.youtube.com/watch?v=P7B-u7ctKYo',60) ON CONFLICT (id) DO NOTHING;
INSERT INTO public.semanas (id, mes_id, numero_semana, titulo, video_url, video_url_2, video_url_3, tiempo_estimado_minutos) VALUES ('e2ccf8ff-7086-5c14-83f1-b8332f90caad','71e8e00a-517a-5d90-8a22-3fc9e46d632c',8,'Repaso general y preparación para examen final','https://www.youtube.com/watch?v=diKyd3YRRck','https://www.youtube.com/watch?v=KocAhjNyD_Y','https://www.youtube.com/watch?v=pKwU5IFgRUQ',60) ON CONFLICT (id) DO NOTHING;
INSERT INTO public.semanas (id, mes_id, numero_semana, titulo, video_url, video_url_2, video_url_3, tiempo_estimado_minutos) VALUES ('fa75b591-5570-5154-b264-159ed115e0a8','9bf3da5d-6f1b-5d12-a004-1b94505245e1',1,'Mesoamérica — las grandes civilizaciones prehispánicas','https://www.youtube.com/watch?v=B4PYY8w_8S0','https://www.youtube.com/watch?v=gN61F17egDU','https://www.youtube.com/watch?v=9yc4JIMcZQg',60) ON CONFLICT (id) DO NOTHING;
INSERT INTO public.semanas (id, mes_id, numero_semana, titulo, video_url, video_url_2, video_url_3, tiempo_estimado_minutos) VALUES ('f753054c-f1f7-509e-9cb0-681de0c5bdf6','9bf3da5d-6f1b-5d12-a004-1b94505245e1',2,'Los aztecas — el último gran imperio','https://www.youtube.com/watch?v=SuXJ7Gem3Ok','https://www.youtube.com/watch?v=Z7mscV0Q_Qs','https://www.youtube.com/watch?v=u7VQH3eDrU0',60) ON CONFLICT (id) DO NOTHING;
INSERT INTO public.semanas (id, mes_id, numero_semana, titulo, video_url, video_url_2, video_url_3, tiempo_estimado_minutos) VALUES ('cc73454a-7a10-587f-a08f-ca398f039d5d','9bf3da5d-6f1b-5d12-a004-1b94505245e1',3,'La Conquista española (1519-1521)','https://www.youtube.com/watch?v=9vbjdSmxW_A','https://www.youtube.com/watch?v=puhemUtbnTI','https://www.youtube.com/watch?v=uMUjjMJ2Uzo',60) ON CONFLICT (id) DO NOTHING;
INSERT INTO public.semanas (id, mes_id, numero_semana, titulo, video_url, video_url_2, video_url_3, tiempo_estimado_minutos) VALUES ('08d746e8-f985-5d3d-9625-b7bc0dcf753d','9bf3da5d-6f1b-5d12-a004-1b94505245e1',4,'La época colonial — 300 años de Nueva España','https://www.youtube.com/watch?v=JKFCVTETfxU','https://www.youtube.com/watch?v=H0qeKxU662s','https://www.youtube.com/watch?v=PUfmYXwjunE',60) ON CONFLICT (id) DO NOTHING;
INSERT INTO public.semanas (id, mes_id, numero_semana, titulo, video_url, video_url_2, video_url_3, tiempo_estimado_minutos) VALUES ('529b62e9-7b57-5649-a499-f0e8d9e2de3b','9bf3da5d-6f1b-5d12-a004-1b94505245e1',5,'Causas de la Independencia y el Grito de 1810','https://www.youtube.com/watch?v=1AV88Wa9ooM','https://www.youtube.com/watch?v=hoZCzUOqdWw','https://www.youtube.com/watch?v=6T5uMlSMRbw',60) ON CONFLICT (id) DO NOTHING;
INSERT INTO public.semanas (id, mes_id, numero_semana, titulo, video_url, video_url_2, video_url_3, tiempo_estimado_minutos) VALUES ('50e47110-c29c-5509-a47c-2c20fa3e5adc','9bf3da5d-6f1b-5d12-a004-1b94505245e1',6,'La Guerra de Independencia y la consumación (1810-1821)','https://www.youtube.com/watch?v=1AV88Wa9ooM','https://www.youtube.com/watch?v=5k2MA2-LmxE','https://www.youtube.com/watch?v=GsZn51NxOR0',60) ON CONFLICT (id) DO NOTHING;
INSERT INTO public.semanas (id, mes_id, numero_semana, titulo, video_url, video_url_2, video_url_3, tiempo_estimado_minutos) VALUES ('ed55d0ec-b923-548f-ab60-fec78626d505','9bf3da5d-6f1b-5d12-a004-1b94505245e1',7,'Geografía de México — territorio, estados y regiones','https://www.youtube.com/watch?v=RtIysuIgbZw','https://www.youtube.com/watch?v=CLzcD9Ae1XI','https://www.youtube.com/watch?v=YC76paJ1_Zs',60) ON CONFLICT (id) DO NOTHING;
INSERT INTO public.semanas (id, mes_id, numero_semana, titulo, video_url, video_url_2, video_url_3, tiempo_estimado_minutos) VALUES ('3b926d7a-b8af-5b6a-a89b-bbecc66c4c6b','9bf3da5d-6f1b-5d12-a004-1b94505245e1',8,'Repaso general y preparación para examen final','https://www.youtube.com/watch?v=sdVGOLrqA8Q','https://www.youtube.com/watch?v=G_9_aVHVSqk','https://www.youtube.com/watch?v=LtqhmqTaTsA',60) ON CONFLICT (id) DO NOTHING;
INSERT INTO public.semanas (id, mes_id, numero_semana, titulo, video_url, video_url_2, video_url_3, tiempo_estimado_minutos) VALUES ('e32583eb-9c96-51d0-90ac-b16765bfd95d','8ce1cfdc-551a-5f9f-bc15-630347505fa6',1,'La célula — el origen de todo','https://www.youtube.com/watch?v=WQgwaigJlsI','https://www.youtube.com/watch?v=FJx0auAdQsw','https://www.youtube.com/watch?v=_ejQaAsna3k',60) ON CONFLICT (id) DO NOTHING;
INSERT INTO public.semanas (id, mes_id, numero_semana, titulo, video_url, video_url_2, video_url_3, tiempo_estimado_minutos) VALUES ('a9e76143-899c-5268-b372-df50a6ad4fff','8ce1cfdc-551a-5f9f-bc15-630347505fa6',2,'Los sistemas del cuerpo — visión general','https://www.youtube.com/watch?v=Xzhcv1wjZAE','https://www.youtube.com/watch?v=mndQ_4BR14k','https://www.youtube.com/watch?v=ceOjoulQtXc',60) ON CONFLICT (id) DO NOTHING;
INSERT INTO public.semanas (id, mes_id, numero_semana, titulo, video_url, video_url_2, video_url_3, tiempo_estimado_minutos) VALUES ('b6e91b4f-2591-57dd-838f-8312d7e9f566','8ce1cfdc-551a-5f9f-bc15-630347505fa6',3,'El sistema digestivo — del plato a la energía','https://www.youtube.com/watch?v=0KxRStoU0AE','https://www.youtube.com/watch?v=Ix1gqUZrAiE','https://www.youtube.com/watch?v=LNzUhQLig6o',60) ON CONFLICT (id) DO NOTHING;
INSERT INTO public.semanas (id, mes_id, numero_semana, titulo, video_url, video_url_2, video_url_3, tiempo_estimado_minutos) VALUES ('2238bff1-41e1-51cb-8441-316e9814bd86','8ce1cfdc-551a-5f9f-bc15-630347505fa6',4,'Nutrición y alimentación saludable','https://www.youtube.com/watch?v=Wr0_wULJnBE','https://www.youtube.com/watch?v=PbQnDkmKY6U','https://www.youtube.com/watch?v=i9WV6oRGgoA',60) ON CONFLICT (id) DO NOTHING;
INSERT INTO public.semanas (id, mes_id, numero_semana, titulo, video_url, video_url_2, video_url_3, tiempo_estimado_minutos) VALUES ('51c712de-d441-5e48-bd76-41990bde0d4a','8ce1cfdc-551a-5f9f-bc15-630347505fa6',5,'El sistema respiratorio — el aire que nos da vida','https://www.youtube.com/watch?v=EXjGQrtEW2I','https://www.youtube.com/watch?v=JaISgsXU_a4','https://www.youtube.com/watch?v=W4dBisxcI1g',60) ON CONFLICT (id) DO NOTHING;
INSERT INTO public.semanas (id, mes_id, numero_semana, titulo, video_url, video_url_2, video_url_3, tiempo_estimado_minutos) VALUES ('2dc2d81a-8eec-5dbf-b85e-dc2fc4d77b43','8ce1cfdc-551a-5f9f-bc15-630347505fa6',6,'El sistema circulatorio — el corazón como motor','https://www.youtube.com/watch?v=kVWzKEs-mdI','https://www.youtube.com/watch?v=1-0Tm0r41v8','https://www.youtube.com/watch?v=S3jJj68dBxw',60) ON CONFLICT (id) DO NOTHING;
INSERT INTO public.semanas (id, mes_id, numero_semana, titulo, video_url, video_url_2, video_url_3, tiempo_estimado_minutos) VALUES ('3cef398a-5a51-5f8c-bf05-04cad72dbc69','8ce1cfdc-551a-5f9f-bc15-630347505fa6',7,'Salud y prevención de enfermedades','https://www.youtube.com/watch?v=lzYPRbJzZA8','https://www.youtube.com/watch?v=gaM9iSHezuE','https://www.youtube.com/watch?v=16CvEt58F3g',60) ON CONFLICT (id) DO NOTHING;
INSERT INTO public.semanas (id, mes_id, numero_semana, titulo, video_url, video_url_2, video_url_3, tiempo_estimado_minutos) VALUES ('e782f2bd-d81e-5fbf-a49d-62c28ce66b30','8ce1cfdc-551a-5f9f-bc15-630347505fa6',8,'Repaso general y preparación para examen final','https://www.youtube.com/watch?v=hXKWN2a3dpE','https://www.youtube.com/watch?v=xgrEiPmvVxU','https://www.youtube.com/watch?v=f-jMzNjbiao',60) ON CONFLICT (id) DO NOTHING;
INSERT INTO public.semanas (id, mes_id, numero_semana, titulo, video_url, video_url_2, video_url_3, tiempo_estimado_minutos) VALUES ('4d69b117-365d-4985-8378-8da9c3c0d17a','952fca1c-848c-5d8f-9aff-7f7ac7e0b2e9',1,'Bienvenida al bachillerato virtual — qué esperar','https://www.youtube.com/watch?v=1X2d40mAXKM','https://www.youtube.com/watch?v=v071y14yQIU','https://www.youtube.com/watch?v=rVAQBnSogso',60) ON CONFLICT (id) DO NOTHING;
INSERT INTO public.semanas (id, mes_id, numero_semana, titulo, video_url, video_url_2, video_url_3, tiempo_estimado_minutos) VALUES ('9c640e06-5523-45d2-a923-aaab300be291','952fca1c-848c-5d8f-9aff-7f7ac7e0b2e9',2,'Estilos de aprendizaje — descubre cómo aprendes mejor','https://www.youtube.com/watch?v=SJqqC0kf8CY','https://www.youtube.com/watch?v=V7K6-nmkkT8','https://www.youtube.com/watch?v=BodjJNp8KMw',60) ON CONFLICT (id) DO NOTHING;
INSERT INTO public.semanas (id, mes_id, numero_semana, titulo, video_url, video_url_2, video_url_3, tiempo_estimado_minutos) VALUES ('e0722730-85dc-4383-a269-e8f7cf78ed9d','952fca1c-848c-5d8f-9aff-7f7ac7e0b2e9',3,'Técnicas de estudio efectivas','https://www.youtube.com/watch?v=-8YazHRMcXk','https://www.youtube.com/watch?v=-1nP0VcwGPY','https://www.youtube.com/watch?v=jBbeUc6A8y4',60) ON CONFLICT (id) DO NOTHING;
INSERT INTO public.semanas (id, mes_id, numero_semana, titulo, video_url, video_url_2, video_url_3, tiempo_estimado_minutos) VALUES ('7ec0b567-eb65-4d0c-98fb-6727a1fb9384','952fca1c-848c-5d8f-9aff-7f7ac7e0b2e9',4,'Gestión del tiempo y organización personal','https://www.youtube.com/watch?v=864228rfcv4','https://www.youtube.com/watch?v=2vXB24qZeIs','https://www.youtube.com/watch?v=VsFhp4BJGbM',60) ON CONFLICT (id) DO NOTHING;
INSERT INTO public.semanas (id, mes_id, numero_semana, titulo, video_url, video_url_2, video_url_3, tiempo_estimado_minutos) VALUES ('3ae2827b-2fb2-4a26-a134-3c912b8ffedf','952fca1c-848c-5d8f-9aff-7f7ac7e0b2e9',5,'Motivación y disciplina en la educación a distancia','https://www.youtube.com/watch?v=wuH9BYDCimQ','https://www.youtube.com/watch?v=OLKWN8yYECY','https://www.youtube.com/watch?v=sZcLcmZL2bY',60) ON CONFLICT (id) DO NOTHING;
INSERT INTO public.semanas (id, mes_id, numero_semana, titulo, video_url, video_url_2, video_url_3, tiempo_estimado_minutos) VALUES ('b62867a1-5715-4106-8631-0942b7c31691','952fca1c-848c-5d8f-9aff-7f7ac7e0b2e9',6,'Herramientas digitales para el estudio','https://www.youtube.com/watch?v=Xv5ZrnzA2DA','https://www.youtube.com/watch?v=Qn4rS_MuxIg','https://www.youtube.com/watch?v=ffzVQYsVGUY',60) ON CONFLICT (id) DO NOTHING;
INSERT INTO public.semanas (id, mes_id, numero_semana, titulo, video_url, video_url_2, video_url_3, tiempo_estimado_minutos) VALUES ('fefef9a4-09fd-4c70-96c9-e41082563770','952fca1c-848c-5d8f-9aff-7f7ac7e0b2e9',7,'Mi proyecto académico — metas y plan de acción','https://www.youtube.com/watch?v=u5hJEpgQ1iA','https://www.youtube.com/watch?v=Og7iI31kwPQ','https://www.youtube.com/watch?v=NAR-J4cOLZA',60) ON CONFLICT (id) DO NOTHING;
INSERT INTO public.semanas (id, mes_id, numero_semana, titulo, video_url, video_url_2, video_url_3, tiempo_estimado_minutos) VALUES ('ddeaaaf2-3fd1-4a28-984d-debf61490a39','952fca1c-848c-5d8f-9aff-7f7ac7e0b2e9',8,'Repaso general y preparación para examen final','https://www.youtube.com/watch?v=KocAhjNyD_Y','https://www.youtube.com/watch?v=9mgUIIL2WOw','https://www.youtube.com/watch?v=i-V82HARXTg',60) ON CONFLICT (id) DO NOTHING;
INSERT INTO public.semanas (id, mes_id, numero_semana, titulo, video_url, video_url_2, video_url_3, tiempo_estimado_minutos) VALUES ('acc99942-8299-42ba-8ee8-ef1d0173d1fa','96ea3067-19cc-5c1d-92c8-f72241a6b949',1,'Repaso de presente simple y presente continuo','https://www.youtube.com/watch?v=3B_6pS8a0jk','https://www.youtube.com/watch?v=57v-YdOBGTY','https://www.youtube.com/watch?v=jrrRYlI9XR8',60) ON CONFLICT (id) DO NOTHING;
INSERT INTO public.semanas (id, mes_id, numero_semana, titulo, video_url, video_url_2, video_url_3, tiempo_estimado_minutos) VALUES ('fb1d4456-c594-4bf8-bb26-8141dbc0bace','96ea3067-19cc-5c1d-92c8-f72241a6b949',2,'Pasado simple — verbos regulares','https://www.youtube.com/watch?v=F8aEosp-bFk','https://www.youtube.com/watch?v=DQlzxDz5T0w','https://www.youtube.com/watch?v=fLHrVG3IpbM',60) ON CONFLICT (id) DO NOTHING;
INSERT INTO public.semanas (id, mes_id, numero_semana, titulo, video_url, video_url_2, video_url_3, tiempo_estimado_minutos) VALUES ('d9d1d0b8-1e15-44c1-bb61-04e32af35cb0','96ea3067-19cc-5c1d-92c8-f72241a6b949',3,'Pasado simple — verbos irregulares','https://www.youtube.com/watch?v=iBNDChyqMrs','https://www.youtube.com/watch?v=7aZOOEJ7JfU','https://www.youtube.com/watch?v=F8aEosp-bFk',60) ON CONFLICT (id) DO NOTHING;
INSERT INTO public.semanas (id, mes_id, numero_semana, titulo, video_url, video_url_2, video_url_3, tiempo_estimado_minutos) VALUES ('03491332-6c25-43f6-a372-5eecf0fd5f7a','96ea3067-19cc-5c1d-92c8-f72241a6b949',4,'Futuro con WILL y GOING TO','https://www.youtube.com/watch?v=9L0ubU-C_bk','https://www.youtube.com/watch?v=P5NFYbzr2xI','https://www.youtube.com/watch?v=a8JvugZqg08',60) ON CONFLICT (id) DO NOTHING;
INSERT INTO public.semanas (id, mes_id, numero_semana, titulo, video_url, video_url_2, video_url_3, tiempo_estimado_minutos) VALUES ('ad6eaf5c-86f8-4de0-a780-835364e39267','96ea3067-19cc-5c1d-92c8-f72241a6b949',5,'Verbos modales — can, must, should','https://www.youtube.com/watch?v=Xhd1bEVXoZk','https://www.youtube.com/watch?v=2LhuE7BnL4g','https://www.youtube.com/watch?v=rB4GnEBoqKY',60) ON CONFLICT (id) DO NOTHING;
INSERT INTO public.semanas (id, mes_id, numero_semana, titulo, video_url, video_url_2, video_url_3, tiempo_estimado_minutos) VALUES ('db305e88-3d80-47ee-8412-56a714b2c425','96ea3067-19cc-5c1d-92c8-f72241a6b949',6,'Vocabulario — comida, ropa, cuerpo, clima','https://www.youtube.com/watch?v=IQZtRJ1qnug','https://www.youtube.com/watch?v=5IUhK5jGN5E','https://www.youtube.com/watch?v=2eNk6zKidrU',60) ON CONFLICT (id) DO NOTHING;
INSERT INTO public.semanas (id, mes_id, numero_semana, titulo, video_url, video_url_2, video_url_3, tiempo_estimado_minutos) VALUES ('8db169fa-3762-41a2-adc8-e1b36e3e1300','96ea3067-19cc-5c1d-92c8-f72241a6b949',7,'Lectura de textos cortos y comprensión','https://www.youtube.com/watch?v=fBx7_0349m4','https://www.youtube.com/watch?v=vypsRK1y1KQ','https://www.youtube.com/watch?v=oj487UxyIoM',60) ON CONFLICT (id) DO NOTHING;
INSERT INTO public.semanas (id, mes_id, numero_semana, titulo, video_url, video_url_2, video_url_3, tiempo_estimado_minutos) VALUES ('7c74fb2b-af23-438e-b972-a9c364873d05','96ea3067-19cc-5c1d-92c8-f72241a6b949',8,'Repaso general y preparación para examen final','https://www.youtube.com/watch?v=FeU-beri7tM','https://www.youtube.com/watch?v=7BiXeFz_Fjk','https://www.youtube.com/watch?v=iRAxV4hXuPY',60) ON CONFLICT (id) DO NOTHING;
INSERT INTO public.semanas (id, mes_id, numero_semana, titulo, video_url, video_url_2, video_url_3, tiempo_estimado_minutos) VALUES ('d224dabc-391a-49d2-bf7f-6ce909344976','77bb1e8e-266f-5367-92b7-f4df3baf2dfb',1,'Pensamiento computacional — qué es y por qué importa','https://www.youtube.com/watch?v=HaLLqlGn78M','https://www.youtube.com/watch?v=IV0Cs5wlycY','https://www.youtube.com/watch?v=77YKT9CT_18',60) ON CONFLICT (id) DO NOTHING;
INSERT INTO public.semanas (id, mes_id, numero_semana, titulo, video_url, video_url_2, video_url_3, tiempo_estimado_minutos) VALUES ('42188cf0-df4c-4dee-a39f-d570324abeda','77bb1e8e-266f-5367-92b7-f4df3baf2dfb',2,'Algoritmos — instrucciones paso a paso','https://www.youtube.com/watch?v=HaLLqlGn78M','https://www.youtube.com/watch?v=f10jKIslSUY','https://www.youtube.com/watch?v=U3CGMyjzlvM',60) ON CONFLICT (id) DO NOTHING;
INSERT INTO public.semanas (id, mes_id, numero_semana, titulo, video_url, video_url_2, video_url_3, tiempo_estimado_minutos) VALUES ('b8a4c6d1-54a5-4906-98a6-f1433d47419d','77bb1e8e-266f-5367-92b7-f4df3baf2dfb',3,'Fundamentos de programación — variables, tipos de datos y operadores','https://www.youtube.com/watch?v=as1opL254NA','https://www.youtube.com/watch?v=f10jKIslSUY','https://www.youtube.com/watch?v=HaLLqlGn78M',60) ON CONFLICT (id) DO NOTHING;
INSERT INTO public.semanas (id, mes_id, numero_semana, titulo, video_url, video_url_2, video_url_3, tiempo_estimado_minutos) VALUES ('67645733-03da-434d-b4cb-9f197ea3d5b8','77bb1e8e-266f-5367-92b7-f4df3baf2dfb',4,'Estructuras de control — condicionales (if/else)','https://www.youtube.com/watch?v=Kucgc6NpGwc','https://www.youtube.com/watch?v=_6N18g3ewnw','https://www.youtube.com/watch?v=Cea0bywr7-w',60) ON CONFLICT (id) DO NOTHING;
INSERT INTO public.semanas (id, mes_id, numero_semana, titulo, video_url, video_url_2, video_url_3, tiempo_estimado_minutos) VALUES ('c53c7db7-98e2-4f6d-a0e9-62549f7ba958','77bb1e8e-266f-5367-92b7-f4df3baf2dfb',5,'Estructuras de control — ciclos (loops)','https://www.youtube.com/watch?v=Cea0bywr7-w','https://www.youtube.com/watch?v=as1opL254NA','https://www.youtube.com/watch?v=_6N18g3ewnw',60) ON CONFLICT (id) DO NOTHING;
INSERT INTO public.semanas (id, mes_id, numero_semana, titulo, video_url, video_url_2, video_url_3, tiempo_estimado_minutos) VALUES ('ded54196-ea5b-422f-a790-472b8e9d9890','77bb1e8e-266f-5367-92b7-f4df3baf2dfb',6,'Datos e información — bases de datos y hojas de cálculo','https://www.youtube.com/watch?v=as1opL254NA','https://www.youtube.com/watch?v=f10jKIslSUY','https://www.youtube.com/watch?v=HaLLqlGn78M',60) ON CONFLICT (id) DO NOTHING;
INSERT INTO public.semanas (id, mes_id, numero_semana, titulo, video_url, video_url_2, video_url_3, tiempo_estimado_minutos) VALUES ('a237ae56-efc7-4a17-9d28-947660374c7c','77bb1e8e-266f-5367-92b7-f4df3baf2dfb',7,'Inteligencia artificial — qué es, cómo funciona y su impacto','https://www.youtube.com/watch?v=_tA5cinv0U8','https://www.youtube.com/watch?v=YZzB1Uca7n0','https://www.youtube.com/watch?v=r23rNosmve0',60) ON CONFLICT (id) DO NOTHING;
INSERT INTO public.semanas (id, mes_id, numero_semana, titulo, video_url, video_url_2, video_url_3, tiempo_estimado_minutos) VALUES ('5252f2e9-555b-4620-909b-49f9dcf254f0','77bb1e8e-266f-5367-92b7-f4df3baf2dfb',8,'Repaso general y preparación para examen final','https://www.youtube.com/watch?v=as1opL254NA','https://www.youtube.com/watch?v=y8GESWoleoQ','https://www.youtube.com/watch?v=FwgeiavmoiI',60) ON CONFLICT (id) DO NOTHING;
INSERT INTO public.semanas (id, mes_id, numero_semana, titulo, video_url, video_url_2, video_url_3, tiempo_estimado_minutos) VALUES ('cb680341-851f-52cc-ba11-718008f30afe','7b2ec0c6-ea36-5036-a009-f221be14a0ea',1,'La computadora — componentes y cómo funciona','https://www.youtube.com/watch?v=wD8yJnIG7gI','https://www.youtube.com/watch?v=fsuroRYmagw','https://www.youtube.com/watch?v=OBA1EJWhpxA',60) ON CONFLICT (id) DO NOTHING;
INSERT INTO public.semanas (id, mes_id, numero_semana, titulo, video_url, video_url_2, video_url_3, tiempo_estimado_minutos) VALUES ('b67bd354-dfea-5e2b-8b85-aaf5e5184bd3','7b2ec0c6-ea36-5036-a009-f221be14a0ea',2,'El sistema operativo y el manejo de archivos','https://www.youtube.com/watch?v=fsuroRYmagw','https://www.youtube.com/watch?v=urhSDBpzw6Y','https://www.youtube.com/watch?v=egTWbikmo4A',60) ON CONFLICT (id) DO NOTHING;
INSERT INTO public.semanas (id, mes_id, numero_semana, titulo, video_url, video_url_2, video_url_3, tiempo_estimado_minutos) VALUES ('a83faba4-a9bc-59a8-8f27-c509d36717cb','7b2ec0c6-ea36-5036-a009-f221be14a0ea',3,'Internet y los navegadores web','https://www.youtube.com/watch?v=2TferQprZ0g','https://www.youtube.com/watch?v=tBObvkx_nOg','https://www.youtube.com/watch?v=rw41W8crZ_Y',60) ON CONFLICT (id) DO NOTHING;
INSERT INTO public.semanas (id, mes_id, numero_semana, titulo, video_url, video_url_2, video_url_3, tiempo_estimado_minutos) VALUES ('c07b1365-1339-5108-8985-4140cd9677da','7b2ec0c6-ea36-5036-a009-f221be14a0ea',4,'El correo electrónico — comunicación formal y eficiente','https://www.youtube.com/watch?v=urhSDBpzw6Y','https://www.youtube.com/watch?v=ic9_M4hdcxI','https://www.youtube.com/watch?v=p2PqfRte46k',60) ON CONFLICT (id) DO NOTHING;
INSERT INTO public.semanas (id, mes_id, numero_semana, titulo, video_url, video_url_2, video_url_3, tiempo_estimado_minutos) VALUES ('09c49337-b171-587c-aed4-94d8a1918c5c','7b2ec0c6-ea36-5036-a009-f221be14a0ea',5,'El procesador de texto — escribir y formatear documentos','https://www.youtube.com/watch?v=0zYY7rGnHbs','https://www.youtube.com/watch?v=8MT8tjJN1iE','https://www.youtube.com/watch?v=gX7wOOit2Q0',60) ON CONFLICT (id) DO NOTHING;
INSERT INTO public.semanas (id, mes_id, numero_semana, titulo, video_url, video_url_2, video_url_3, tiempo_estimado_minutos) VALUES ('88e8d542-747a-5ace-a211-5670e8df7300','7b2ec0c6-ea36-5036-a009-f221be14a0ea',6,'Las hojas de cálculo — organizar y calcular datos','https://www.youtube.com/watch?v=FA1ce_ITwrA','https://www.youtube.com/watch?v=2981H0LdPnQ','https://www.youtube.com/watch?v=5RN88uStFEM',60) ON CONFLICT (id) DO NOTHING;
INSERT INTO public.semanas (id, mes_id, numero_semana, titulo, video_url, video_url_2, video_url_3, tiempo_estimado_minutos) VALUES ('328fce4b-a30b-595a-bc0e-3ddc259b9791','7b2ec0c6-ea36-5036-a009-f221be14a0ea',7,'Seguridad en internet y ciudadanía digital','https://www.youtube.com/watch?v=7L2xdReZysQ','https://www.youtube.com/watch?v=dcYgA1qHBpM','https://www.youtube.com/watch?v=QB3NwEBLCl4',60) ON CONFLICT (id) DO NOTHING;
INSERT INTO public.semanas (id, mes_id, numero_semana, titulo, video_url, video_url_2, video_url_3, tiempo_estimado_minutos) VALUES ('59be26db-f43b-577b-802b-1dc995c85886','7b2ec0c6-ea36-5036-a009-f221be14a0ea',8,'Repaso general y preparación para examen final','https://www.youtube.com/watch?v=KocAhjNyD_Y','https://www.youtube.com/watch?v=XhVW6xd5zQw','https://www.youtube.com/watch?v=urhSDBpzw6Y',60) ON CONFLICT (id) DO NOTHING;
INSERT INTO public.semanas (id, mes_id, numero_semana, titulo, video_url, video_url_2, video_url_3, tiempo_estimado_minutos) VALUES ('79d2b13e-8665-477b-95c0-c3df47cfd6a3','709f7ded-a11e-59f7-8009-67783b77dc3f',1,'Niveles de lectura — literal, inferencial y crítica','https://www.youtube.com/watch?v=f0fXjNj9QYI','https://www.youtube.com/watch?v=sjPND6xYuTo','https://www.youtube.com/watch?v=8j37IOIdiqw',60) ON CONFLICT (id) DO NOTHING;
INSERT INTO public.semanas (id, mes_id, numero_semana, titulo, video_url, video_url_2, video_url_3, tiempo_estimado_minutos) VALUES ('efdb546e-1924-4771-898e-ec8c964498e8','709f7ded-a11e-59f7-8009-67783b77dc3f',2,'Estrategias de lectura — antes, durante y después','https://www.youtube.com/watch?v=Z6pd1W8dteE','https://www.youtube.com/watch?v=mJzOLghzUwA','https://www.youtube.com/watch?v=6iz-WQXW1Tg',60) ON CONFLICT (id) DO NOTHING;
INSERT INTO public.semanas (id, mes_id, numero_semana, titulo, video_url, video_url_2, video_url_3, tiempo_estimado_minutos) VALUES ('055cfb28-2853-4fc3-b55e-1ad5ad8a72c9','709f7ded-a11e-59f7-8009-67783b77dc3f',3,'Textos informativos — análisis de noticias y artículos','https://www.youtube.com/watch?v=n7RIOiCh44Q','https://www.youtube.com/watch?v=cgMjcydc5xE','https://www.youtube.com/watch?v=5PszNNXWS-4',60) ON CONFLICT (id) DO NOTHING;
INSERT INTO public.semanas (id, mes_id, numero_semana, titulo, video_url, video_url_2, video_url_3, tiempo_estimado_minutos) VALUES ('a3e91941-922e-430e-a571-e3566f8c43e1','709f7ded-a11e-59f7-8009-67783b77dc3f',4,'Textos argumentativos — identificar tesis y argumentos','https://www.youtube.com/watch?v=Mq4Hzx1peNU','https://www.youtube.com/watch?v=BPeF4art-00','https://www.youtube.com/watch?v=wjncoldGiiY',60) ON CONFLICT (id) DO NOTHING;
INSERT INTO public.semanas (id, mes_id, numero_semana, titulo, video_url, video_url_2, video_url_3, tiempo_estimado_minutos) VALUES ('861615e1-2b0d-4592-a1b0-c60b9fdfbe20','709f7ded-a11e-59f7-8009-67783b77dc3f',5,'Recursos retóricos y figuras literarias','https://www.youtube.com/watch?v=vunzhUk5hsg','https://www.youtube.com/watch?v=SlmBEJx-mXU','https://www.youtube.com/watch?v=xeVfyy9UP5E',60) ON CONFLICT (id) DO NOTHING;
INSERT INTO public.semanas (id, mes_id, numero_semana, titulo, video_url, video_url_2, video_url_3, tiempo_estimado_minutos) VALUES ('331b617c-59a0-4de9-ae7f-da72fdb234ab','709f7ded-a11e-59f7-8009-67783b77dc3f',6,'Pensamiento crítico y evaluación de fuentes','https://www.youtube.com/watch?v=i-htv81L04g','https://www.youtube.com/watch?v=xJl0VPrPr38','https://www.youtube.com/watch?v=qUFACQnfoyQ',60) ON CONFLICT (id) DO NOTHING;
INSERT INTO public.semanas (id, mes_id, numero_semana, titulo, video_url, video_url_2, video_url_3, tiempo_estimado_minutos) VALUES ('9a7c6693-d8b0-4356-bd65-7a8f40dcd542','709f7ded-a11e-59f7-8009-67783b77dc3f',7,'Síntesis y paráfrasis — procesar información','https://www.youtube.com/watch?v=J7jpXHjmUns','https://www.youtube.com/watch?v=Bcr41t7CSvA','https://www.youtube.com/watch?v=rkWb3uAGSSw',60) ON CONFLICT (id) DO NOTHING;
INSERT INTO public.semanas (id, mes_id, numero_semana, titulo, video_url, video_url_2, video_url_3, tiempo_estimado_minutos) VALUES ('b7f769c0-3e39-4cf0-9a9f-199fb7850077','709f7ded-a11e-59f7-8009-67783b77dc3f',8,'Repaso general y preparación para examen final','https://www.youtube.com/watch?v=J7jpXHjmUns','https://www.youtube.com/watch?v=juQRep1FHlk','https://www.youtube.com/watch?v=KT3wUeAr03k',60) ON CONFLICT (id) DO NOTHING;
INSERT INTO public.semanas (id, mes_id, numero_semana, titulo, video_url, video_url_2, video_url_3, tiempo_estimado_minutos) VALUES ('8583a647-a670-56eb-84e6-dc28eb948ff9','4696e724-1600-58ee-8f3d-775fd43017f3',1,'Los ecosistemas — comunidades de vida interconectadas','https://www.youtube.com/watch?v=W55jkgUd_ns','https://www.youtube.com/watch?v=2NdIZsd-7m0','https://www.youtube.com/watch?v=ZMJqnkBPhfs',60) ON CONFLICT (id) DO NOTHING;
INSERT INTO public.semanas (id, mes_id, numero_semana, titulo, video_url, video_url_2, video_url_3, tiempo_estimado_minutos) VALUES ('e8f36a56-f016-5aae-99ab-35e2887e4d05','4696e724-1600-58ee-8f3d-775fd43017f3',2,'Biodiversidad — la riqueza de la vida en México','https://www.youtube.com/watch?v=4PZY5DiYD1M','https://www.youtube.com/watch?v=AH7txRkX-x8','https://www.youtube.com/watch?v=c7HKPeYonC0',60) ON CONFLICT (id) DO NOTHING;
INSERT INTO public.semanas (id, mes_id, numero_semana, titulo, video_url, video_url_2, video_url_3, tiempo_estimado_minutos) VALUES ('308d28e3-35cc-5f88-9b1d-a3eb2ebbf584','4696e724-1600-58ee-8f3d-775fd43017f3',3,'Cadenas y redes alimentarias','https://www.youtube.com/watch?v=gMFO3YuJriA','https://www.youtube.com/watch?v=vSruUb3qSzo','https://www.youtube.com/watch?v=7bsvbqwv3RQ',60) ON CONFLICT (id) DO NOTHING;
INSERT INTO public.semanas (id, mes_id, numero_semana, titulo, video_url, video_url_2, video_url_3, tiempo_estimado_minutos) VALUES ('f4370909-9411-59d0-8d7f-4bb29e6d50c3','4696e724-1600-58ee-8f3d-775fd43017f3',4,'La contaminación — tipos y causas','https://www.youtube.com/watch?v=dGAMdXY3zX8','https://www.youtube.com/watch?v=zeLIGu8l9OY','https://www.youtube.com/watch?v=al2QIUP0pv0',60) ON CONFLICT (id) DO NOTHING;
INSERT INTO public.semanas (id, mes_id, numero_semana, titulo, video_url, video_url_2, video_url_3, tiempo_estimado_minutos) VALUES ('3f54082e-0e99-5b8f-ad49-9ad1b437c52c','4696e724-1600-58ee-8f3d-775fd43017f3',5,'El cambio climático — qué es y por qué nos afecta','https://www.youtube.com/watch?v=umAGi80FsPM','https://www.youtube.com/watch?v=kcr-Ryq6Nrk','https://www.youtube.com/watch?v=25w7nJOYQXI',60) ON CONFLICT (id) DO NOTHING;
INSERT INTO public.semanas (id, mes_id, numero_semana, titulo, video_url, video_url_2, video_url_3, tiempo_estimado_minutos) VALUES ('3c5f1949-0185-547e-9616-f3e68afac8d5','4696e724-1600-58ee-8f3d-775fd43017f3',6,'Los recursos naturales de México','https://www.youtube.com/watch?v=EVwqO0QqNUU','https://www.youtube.com/watch?v=ZsL65XgeaCQ','https://www.youtube.com/watch?v=8DrWh--N74Y',60) ON CONFLICT (id) DO NOTHING;
INSERT INTO public.semanas (id, mes_id, numero_semana, titulo, video_url, video_url_2, video_url_3, tiempo_estimado_minutos) VALUES ('85862ddb-b028-50f7-a654-98ccec378d8a','4696e724-1600-58ee-8f3d-775fd43017f3',7,'La energía y el desarrollo sustentable','https://www.youtube.com/watch?v=CnU3e3wkNEY','https://www.youtube.com/watch?v=irwnImaQCNA','https://www.youtube.com/watch?v=Ml-luwcWUtw',60) ON CONFLICT (id) DO NOTHING;
INSERT INTO public.semanas (id, mes_id, numero_semana, titulo, video_url, video_url_2, video_url_3, tiempo_estimado_minutos) VALUES ('e600e52a-4fa1-56a9-9d9d-b9140d0292d0','4696e724-1600-58ee-8f3d-775fd43017f3',8,'Repaso general y preparación para examen final','https://www.youtube.com/watch?v=f-jMzNjbiao','https://www.youtube.com/watch?v=xgrEiPmvVxU','https://www.youtube.com/watch?v=hXKWN2a3dpE',60) ON CONFLICT (id) DO NOTHING;
INSERT INTO public.semanas (id, mes_id, numero_semana, titulo, video_url, video_url_2, video_url_3, tiempo_estimado_minutos) VALUES ('a3706520-5cc2-5e12-a36d-b76c55699385','c70d184c-8c29-5773-8df8-06de172dcbb9',1,'La Reforma — Juárez y las Leyes de Reforma','https://www.youtube.com/watch?v=86Fo8orzV7M','https://www.youtube.com/watch?v=OTfHiA44ocM','https://www.youtube.com/watch?v=PzAZGbkND9E',60) ON CONFLICT (id) DO NOTHING;
INSERT INTO public.semanas (id, mes_id, numero_semana, titulo, video_url, video_url_2, video_url_3, tiempo_estimado_minutos) VALUES ('532fb1f1-c430-5ce9-9769-e98b04a3e93c','c70d184c-8c29-5773-8df8-06de172dcbb9',2,'El Porfiriato — modernidad y desigualdad','https://www.youtube.com/watch?v=d0i_dVIy17o','https://www.youtube.com/watch?v=Vkd7AYRrzpc','https://www.youtube.com/watch?v=LtPJtjkwmjI',60) ON CONFLICT (id) DO NOTHING;
INSERT INTO public.semanas (id, mes_id, numero_semana, titulo, video_url, video_url_2, video_url_3, tiempo_estimado_minutos) VALUES ('3c63e0f8-570a-5013-9e38-1a90fd6f708e','c70d184c-8c29-5773-8df8-06de172dcbb9',3,'La Revolución Mexicana (1910-1917)','https://www.youtube.com/watch?v=CzEaqNPndLI','https://www.youtube.com/watch?v=BXrQE4c9Il0','https://www.youtube.com/watch?v=dm7SPQEfQmw',60) ON CONFLICT (id) DO NOTHING;
INSERT INTO public.semanas (id, mes_id, numero_semana, titulo, video_url, video_url_2, video_url_3, tiempo_estimado_minutos) VALUES ('82c3f43f-fe69-57a3-a399-fc848ea3578c','c70d184c-8c29-5773-8df8-06de172dcbb9',4,'México moderno — del cardenismo al siglo XXI','https://www.youtube.com/watch?v=XTi8n-PtBpQ','https://www.youtube.com/watch?v=P6FGea_2w1s','https://www.youtube.com/watch?v=mvCs0mRIXuM',60) ON CONFLICT (id) DO NOTHING;
INSERT INTO public.semanas (id, mes_id, numero_semana, titulo, video_url, video_url_2, video_url_3, tiempo_estimado_minutos) VALUES ('8d3c403d-2408-5fbd-bf95-13b0ec6fffa2','c70d184c-8c29-5773-8df8-06de172dcbb9',5,'La Constitución Política de México','https://www.youtube.com/watch?v=XB9wd6rmwfg','https://www.youtube.com/watch?v=LYsGkCOcpwo','https://www.youtube.com/watch?v=NUyWNTCFf8w',60) ON CONFLICT (id) DO NOTHING;
INSERT INTO public.semanas (id, mes_id, numero_semana, titulo, video_url, video_url_2, video_url_3, tiempo_estimado_minutos) VALUES ('f200861d-ee16-5b26-87d5-81deae680349','c70d184c-8c29-5773-8df8-06de172dcbb9',6,'Los derechos humanos','https://www.youtube.com/watch?v=9nq1IOrCy18','https://www.youtube.com/watch?v=nnw28Y0O7MA','https://www.youtube.com/watch?v=jy7_whMmRKQ',60) ON CONFLICT (id) DO NOTHING;
INSERT INTO public.semanas (id, mes_id, numero_semana, titulo, video_url, video_url_2, video_url_3, tiempo_estimado_minutos) VALUES ('b3b6d3c4-8f34-599a-820d-cb6932cfc73c','c70d184c-8c29-5773-8df8-06de172dcbb9',7,'La democracia y el gobierno mexicano','https://www.youtube.com/watch?v=_yqOqnCWXak','https://www.youtube.com/watch?v=K1PXDs7U0ew','https://www.youtube.com/watch?v=qHDB9z7C0uI',60) ON CONFLICT (id) DO NOTHING;
INSERT INTO public.semanas (id, mes_id, numero_semana, titulo, video_url, video_url_2, video_url_3, tiempo_estimado_minutos) VALUES ('079befd1-c4ef-57f3-9e97-9ba57e8439c6','c70d184c-8c29-5773-8df8-06de172dcbb9',8,'Repaso general y preparación para examen final','https://www.youtube.com/watch?v=sdVGOLrqA8Q','https://www.youtube.com/watch?v=vFtCipDU5RI','https://www.youtube.com/watch?v=G_9_aVHVSqk',60) ON CONFLICT (id) DO NOTHING;
INSERT INTO public.semanas (id, mes_id, numero_semana, titulo, video_url, video_url_2, video_url_3, tiempo_estimado_minutos) VALUES ('fbf6dcaa-8fbe-46b3-a804-fcc5dc9eb901','24f3cde9-8cd0-51fd-b564-6b9ee338d771',1,'Repaso de álgebra y productos notables','https://www.youtube.com/watch?v=G-ym95yl3Es','https://www.youtube.com/watch?v=R58oWfchP5c','https://www.youtube.com/watch?v=eHDIhEjE3c0',60) ON CONFLICT (id) DO NOTHING;
INSERT INTO public.semanas (id, mes_id, numero_semana, titulo, video_url, video_url_2, video_url_3, tiempo_estimado_minutos) VALUES ('02deb5bf-d237-48dc-9533-97d161f2329f','24f3cde9-8cd0-51fd-b564-6b9ee338d771',2,'Factorización de expresiones algebraicas','https://www.youtube.com/watch?v=BygK11QxQnA','https://www.youtube.com/watch?v=y_mkvBoYz-Y','https://www.youtube.com/watch?v=yRa_g6ZVpQ4',60) ON CONFLICT (id) DO NOTHING;
INSERT INTO public.semanas (id, mes_id, numero_semana, titulo, video_url, video_url_2, video_url_3, tiempo_estimado_minutos) VALUES ('e869bd2c-84c2-49ad-83ca-4dccc6f89cf6','24f3cde9-8cd0-51fd-b564-6b9ee338d771',3,'Ecuaciones lineales con fracciones y paréntesis','https://www.youtube.com/watch?v=EIYgVNc2iz4','https://www.youtube.com/watch?v=qud71ShXTK4','https://www.youtube.com/watch?v=k6_-I-Gw_B4',60) ON CONFLICT (id) DO NOTHING;
INSERT INTO public.semanas (id, mes_id, numero_semana, titulo, video_url, video_url_2, video_url_3, tiempo_estimado_minutos) VALUES ('bf689d51-e5cd-40b5-8ce0-648d6d537fe7','24f3cde9-8cd0-51fd-b564-6b9ee338d771',4,'Sistemas de ecuaciones lineales (2 incógnitas)','https://www.youtube.com/watch?v=L0QuX9RpEoM','https://www.youtube.com/watch?v=LTfv1G2iYuQ','https://www.youtube.com/watch?v=k8NEpHKFAnY',60) ON CONFLICT (id) DO NOTHING;
INSERT INTO public.semanas (id, mes_id, numero_semana, titulo, video_url, video_url_2, video_url_3, tiempo_estimado_minutos) VALUES ('3cfafb80-615f-4ec6-bedf-22ddb6b917b8','24f3cde9-8cd0-51fd-b564-6b9ee338d771',5,'Desigualdades e intervalos','https://www.youtube.com/watch?v=PQ4Hh-Bj300','https://www.youtube.com/watch?v=K3RWbjA9NXo','https://www.youtube.com/watch?v=VtDIXpB5VW8',60) ON CONFLICT (id) DO NOTHING;
INSERT INTO public.semanas (id, mes_id, numero_semana, titulo, video_url, video_url_2, video_url_3, tiempo_estimado_minutos) VALUES ('4c009973-76d8-4227-895d-1415ba8d77e2','24f3cde9-8cd0-51fd-b564-6b9ee338d771',6,'Funciones lineales y su gráfica','https://www.youtube.com/watch?v=edE5Y1kOgFw','https://www.youtube.com/watch?v=aWoqlW3q4DY','https://www.youtube.com/watch?v=7i4mjqRn-nM',60) ON CONFLICT (id) DO NOTHING;
INSERT INTO public.semanas (id, mes_id, numero_semana, titulo, video_url, video_url_2, video_url_3, tiempo_estimado_minutos) VALUES ('675bce7e-46b6-4317-9199-da4d076c637a','24f3cde9-8cd0-51fd-b564-6b9ee338d771',7,'Geometría analítica — plano cartesiano y distancia','https://www.youtube.com/watch?v=kzOzYY-T-50','https://www.youtube.com/watch?v=HPS7B57keEE','https://www.youtube.com/watch?v=dCI6v_jof24',60) ON CONFLICT (id) DO NOTHING;
INSERT INTO public.semanas (id, mes_id, numero_semana, titulo, video_url, video_url_2, video_url_3, tiempo_estimado_minutos) VALUES ('e1dcb0a6-efc8-4120-b81e-c7957073e819','24f3cde9-8cd0-51fd-b564-6b9ee338d771',8,'Repaso general y preparación para examen final','https://www.youtube.com/watch?v=0d5VWxcSUIk','https://www.youtube.com/watch?v=i-V82HARXTg','https://www.youtube.com/watch?v=KocAhjNyD_Y',60) ON CONFLICT (id) DO NOTHING;
INSERT INTO public.semanas (id, mes_id, numero_semana, titulo, video_url, video_url_2, video_url_3, tiempo_estimado_minutos) VALUES ('7942cea8-b376-5c40-bf0b-b5cfb471cb33','93b7ab53-4318-5143-8e71-c62175bc80eb',1,'Fracciones — qué son y cómo se leen','https://www.youtube.com/watch?v=7lY2BTFxhI4','https://www.youtube.com/watch?v=c9cTIjBqFTw','https://www.youtube.com/watch?v=iSUtbMM9YYQ',60) ON CONFLICT (id) DO NOTHING;
INSERT INTO public.semanas (id, mes_id, numero_semana, titulo, video_url, video_url_2, video_url_3, tiempo_estimado_minutos) VALUES ('557432dc-8005-505e-973d-161f1d148fa1','93b7ab53-4318-5143-8e71-c62175bc80eb',2,'Operaciones con fracciones — suma, resta, multiplicación y división','https://www.youtube.com/watch?v=FUbla-rPt3M','https://www.youtube.com/watch?v=rB_rdSbYqmg','https://www.youtube.com/watch?v=LgMptyzudXU',60) ON CONFLICT (id) DO NOTHING;
INSERT INTO public.semanas (id, mes_id, numero_semana, titulo, video_url, video_url_2, video_url_3, tiempo_estimado_minutos) VALUES ('07f3ef46-f817-59ee-b721-5635c0dfbab9','93b7ab53-4318-5143-8e71-c62175bc80eb',3,'Números decimales — leer, escribir y operar','https://www.youtube.com/watch?v=IGQGQI5t_-U','https://www.youtube.com/watch?v=OwcbKpwJnyA','https://www.youtube.com/watch?v=fYBFpz3ly28',60) ON CONFLICT (id) DO NOTHING;
INSERT INTO public.semanas (id, mes_id, numero_semana, titulo, video_url, video_url_2, video_url_3, tiempo_estimado_minutos) VALUES ('24114922-b86e-50d8-98e4-2384d0e1a0db','93b7ab53-4318-5143-8e71-c62175bc80eb',4,'Porcentajes — el lenguaje de los descuentos y las propinas','https://www.youtube.com/watch?v=dM2JNj7Ui9g','https://www.youtube.com/watch?v=Xl-k0MdY1M0','https://www.youtube.com/watch?v=bBQKrMDvoHY',60) ON CONFLICT (id) DO NOTHING;
INSERT INTO public.semanas (id, mes_id, numero_semana, titulo, video_url, video_url_2, video_url_3, tiempo_estimado_minutos) VALUES ('a8e09135-c4b4-5287-9e1b-e0fc12324029','93b7ab53-4318-5143-8e71-c62175bc80eb',5,'Razones, proporciones y regla de tres','https://www.youtube.com/watch?v=3eYwW4sDlxM','https://www.youtube.com/watch?v=DG8j4qDEeHQ','https://www.youtube.com/watch?v=eXZvOoaLVeE',60) ON CONFLICT (id) DO NOTHING;
INSERT INTO public.semanas (id, mes_id, numero_semana, titulo, video_url, video_url_2, video_url_3, tiempo_estimado_minutos) VALUES ('9630d6f1-52d4-59dc-b79c-8d40946b8aa2','93b7ab53-4318-5143-8e71-c62175bc80eb',6,'Geometría I — perímetro y área de figuras planas','https://www.youtube.com/watch?v=TZDgCnfDrIE','https://www.youtube.com/watch?v=S-P4y9paTPc','https://www.youtube.com/watch?v=7iC-GAsvzcM',60) ON CONFLICT (id) DO NOTHING;
INSERT INTO public.semanas (id, mes_id, numero_semana, titulo, video_url, video_url_2, video_url_3, tiempo_estimado_minutos) VALUES ('499039ac-a922-5804-8f36-8e2880754cc6','93b7ab53-4318-5143-8e71-c62175bc80eb',7,'Geometría II — volumen de cuerpos geométricos','https://www.youtube.com/watch?v=grLxT3i71D4','https://www.youtube.com/watch?v=L5n03FgWh_8','https://www.youtube.com/watch?v=KXetbpfNn60',60) ON CONFLICT (id) DO NOTHING;
INSERT INTO public.semanas (id, mes_id, numero_semana, titulo, video_url, video_url_2, video_url_3, tiempo_estimado_minutos) VALUES ('f7610d01-a03d-5f2e-839b-780b18954086','93b7ab53-4318-5143-8e71-c62175bc80eb',8,'Repaso general y preparación para examen final','https://www.youtube.com/watch?v=0d5VWxcSUIk','https://www.youtube.com/watch?v=q-l22RzY5EI','https://www.youtube.com/watch?v=KocAhjNyD_Y',60) ON CONFLICT (id) DO NOTHING;
INSERT INTO public.semanas (id, mes_id, numero_semana, titulo, video_url, video_url_2, video_url_3, tiempo_estimado_minutos) VALUES ('a55367f7-fa8b-5e24-93e1-3028a4d2be5d','388ec1bd-056f-52ba-97e6-e3a102c82c4b',1,'El texto argumentativo — convencer con razones','https://www.youtube.com/watch?v=wjncoldGiiY','https://www.youtube.com/watch?v=Mq4Hzx1peNU','https://www.youtube.com/watch?v=IS3yTxP6EEk',60) ON CONFLICT (id) DO NOTHING;
INSERT INTO public.semanas (id, mes_id, numero_semana, titulo, video_url, video_url_2, video_url_3, tiempo_estimado_minutos) VALUES ('e4187a48-36d5-5eee-b725-b3150a32a99e','388ec1bd-056f-52ba-97e6-e3a102c82c4b',2,'El ensayo — el texto del pensamiento propio','https://www.youtube.com/watch?v=FwgeiavmoiI','https://www.youtube.com/watch?v=Bgmv4GNHMqE','https://www.youtube.com/watch?v=D9KHwBhT96w',60) ON CONFLICT (id) DO NOTHING;
INSERT INTO public.semanas (id, mes_id, numero_semana, titulo, video_url, video_url_2, video_url_3, tiempo_estimado_minutos) VALUES ('55fbf938-1ee6-5aca-ba60-a220a29d8538','388ec1bd-056f-52ba-97e6-e3a102c82c4b',3,'El artículo de opinión — escribir con voz propia','https://www.youtube.com/watch?v=ZocRvVz4kNs','https://www.youtube.com/watch?v=PwlozGbl11Y','https://www.youtube.com/watch?v=SBvODl6UQR8',60) ON CONFLICT (id) DO NOTHING;
INSERT INTO public.semanas (id, mes_id, numero_semana, titulo, video_url, video_url_2, video_url_3, tiempo_estimado_minutos) VALUES ('5255968e-8b1c-563d-8f2e-8fcdc7723776','388ec1bd-056f-52ba-97e6-e3a102c82c4b',4,'La investigación documental — buscar y organizar información','https://www.youtube.com/watch?v=q1UXTIJwJyg','https://www.youtube.com/watch?v=B8RC5RUXPQo','https://www.youtube.com/watch?v=iTGGl8KAoLU',60) ON CONFLICT (id) DO NOTHING;
INSERT INTO public.semanas (id, mes_id, numero_semana, titulo, video_url, video_url_2, video_url_3, tiempo_estimado_minutos) VALUES ('ae3c619d-f2ae-5bbf-af15-6f914936eedd','388ec1bd-056f-52ba-97e6-e3a102c82c4b',5,'Citas y referencias bibliográficas','https://www.youtube.com/watch?v=XdRif0a8QI0','https://www.youtube.com/watch?v=Mu6A8DZF2tM','https://www.youtube.com/watch?v=V7cTs_EbAF4',60) ON CONFLICT (id) DO NOTHING;
INSERT INTO public.semanas (id, mes_id, numero_semana, titulo, video_url, video_url_2, video_url_3, tiempo_estimado_minutos) VALUES ('a8d94e72-30a2-5458-ba2d-1aaa1506d019','388ec1bd-056f-52ba-97e6-e3a102c82c4b',6,'La exposición oral — hablar en público con confianza','https://www.youtube.com/watch?v=3X30vGbLol8','https://www.youtube.com/watch?v=Mxe5ECDrOnM','https://www.youtube.com/watch?v=W5F1GyhM-pk',60) ON CONFLICT (id) DO NOTHING;
INSERT INTO public.semanas (id, mes_id, numero_semana, titulo, video_url, video_url_2, video_url_3, tiempo_estimado_minutos) VALUES ('38e2a684-7941-55b8-9901-75054c612568','388ec1bd-056f-52ba-97e6-e3a102c82c4b',7,'Proyecto de escritura — del borrador al texto final','https://www.youtube.com/watch?v=vXG7wjJW0yU','https://www.youtube.com/watch?v=ECuLgINAQ6s','https://www.youtube.com/watch?v=iaS48imUvsw',60) ON CONFLICT (id) DO NOTHING;
INSERT INTO public.semanas (id, mes_id, numero_semana, titulo, video_url, video_url_2, video_url_3, tiempo_estimado_minutos) VALUES ('1df8b360-74d7-5e40-8297-11109dbaf430','388ec1bd-056f-52ba-97e6-e3a102c82c4b',8,'Repaso general y preparación para examen final','https://www.youtube.com/watch?v=9mgUIIL2WOw','https://www.youtube.com/watch?v=TQ71hQY1o-c','https://www.youtube.com/watch?v=KocAhjNyD_Y',60) ON CONFLICT (id) DO NOTHING;
INSERT INTO public.semanas (id, mes_id, numero_semana, titulo, video_url, video_url_2, video_url_3, tiempo_estimado_minutos) VALUES ('d32797a9-d2ce-5066-bfc3-7df96c78a2b3','e98d3896-04cd-5da9-a745-a8c7721afdc8',1,'Expresiones algebraicas — cuando las letras representan números','https://www.youtube.com/watch?v=UNWFLuUfiX4','https://www.youtube.com/watch?v=cb3pNHMnUKk','https://www.youtube.com/watch?v=_NS3U2nwk0g',60) ON CONFLICT (id) DO NOTHING;
INSERT INTO public.semanas (id, mes_id, numero_semana, titulo, video_url, video_url_2, video_url_3, tiempo_estimado_minutos) VALUES ('30984e6f-fcb9-5f1f-8efc-de3b6504984a','e98d3896-04cd-5da9-a745-a8c7721afdc8',2,'Ecuaciones de primer grado — encontrar el valor desconocido','https://www.youtube.com/watch?v=IHblqjW8RY8','https://www.youtube.com/watch?v=NexxgFn2UXs','https://www.youtube.com/watch?v=UNWFLuUfiX4',60) ON CONFLICT (id) DO NOTHING;
INSERT INTO public.semanas (id, mes_id, numero_semana, titulo, video_url, video_url_2, video_url_3, tiempo_estimado_minutos) VALUES ('c96c30ae-f1d7-563e-8c57-3d5745747a41','e98d3896-04cd-5da9-a745-a8c7721afdc8',3,'El plano cartesiano — ubicar puntos en el espacio','https://www.youtube.com/watch?v=kzOzYY-T-50','https://www.youtube.com/watch?v=FYACq4aMGjw','https://www.youtube.com/watch?v=jc_Gz2RtkdQ',60) ON CONFLICT (id) DO NOTHING;
INSERT INTO public.semanas (id, mes_id, numero_semana, titulo, video_url, video_url_2, video_url_3, tiempo_estimado_minutos) VALUES ('231bee33-937b-5417-b9a9-95d947ebaae1','e98d3896-04cd-5da9-a745-a8c7721afdc8',4,'Estadística — tablas de frecuencia y gráficas','https://www.youtube.com/watch?v=JtB2w0QLRZ4','https://www.youtube.com/watch?v=rU9C3Fs16hc','https://www.youtube.com/watch?v=9G4HPNVA5w4',60) ON CONFLICT (id) DO NOTHING;
INSERT INTO public.semanas (id, mes_id, numero_semana, titulo, video_url, video_url_2, video_url_3, tiempo_estimado_minutos) VALUES ('d085e2ce-ff0e-5dc2-a787-170b8281863c','e98d3896-04cd-5da9-a745-a8c7721afdc8',5,'Medidas de tendencia central — promedio, mediana y moda','https://www.youtube.com/watch?v=0DA7Wtz1ddg','https://www.youtube.com/watch?v=YvgDWSd3BU4','https://www.youtube.com/watch?v=SB5dJaNsTr4',60) ON CONFLICT (id) DO NOTHING;
INSERT INTO public.semanas (id, mes_id, numero_semana, titulo, video_url, video_url_2, video_url_3, tiempo_estimado_minutos) VALUES ('767b3037-b0fa-5648-ab72-7bb854c65a63','e98d3896-04cd-5da9-a745-a8c7721afdc8',6,'Interpretación de gráficas estadísticas','https://www.youtube.com/watch?v=7i5noqg1u6w','https://www.youtube.com/watch?v=9G4HPNVA5w4','https://www.youtube.com/watch?v=u5vJ6JvM210',60) ON CONFLICT (id) DO NOTHING;
INSERT INTO public.semanas (id, mes_id, numero_semana, titulo, video_url, video_url_2, video_url_3, tiempo_estimado_minutos) VALUES ('67476ceb-f2cf-5409-827f-c5405662baa7','e98d3896-04cd-5da9-a745-a8c7721afdc8',7,'Probabilidad básica — qué tan probable es que pase algo','https://www.youtube.com/watch?v=xYco67hkECs','https://www.youtube.com/watch?v=pKDyU6vOW8E','https://www.youtube.com/watch?v=BMoNSZBXQ2k',60) ON CONFLICT (id) DO NOTHING;
INSERT INTO public.semanas (id, mes_id, numero_semana, titulo, video_url, video_url_2, video_url_3, tiempo_estimado_minutos) VALUES ('03818a59-2adf-5466-a23f-704f7a9f51dd','e98d3896-04cd-5da9-a745-a8c7721afdc8',8,'Repaso general y preparación para examen final','https://www.youtube.com/watch?v=jGKrejiX82E','https://www.youtube.com/watch?v=LtqhmqTaTsA','https://www.youtube.com/watch?v=0d5VWxcSUIk',60) ON CONFLICT (id) DO NOTHING;
INSERT INTO public.semanas (id, mes_id, numero_semana, titulo, video_url, video_url_2, video_url_3, tiempo_estimado_minutos) VALUES ('5868a239-3c51-519f-b95b-e09884a82c1c','33f40446-79bc-53a7-a115-02bd512d197e',1,'El abecedario, los números y los saludos básicos','https://www.youtube.com/watch?v=W_LhyqgaRJI','https://www.youtube.com/watch?v=I2SaZnEjmZw','https://www.youtube.com/watch?v=2o46gKeQTwc',60) ON CONFLICT (id) DO NOTHING;
INSERT INTO public.semanas (id, mes_id, numero_semana, titulo, video_url, video_url_2, video_url_3, tiempo_estimado_minutos) VALUES ('cccdce1b-8f1c-5dde-acea-b043ecc40bb4','33f40446-79bc-53a7-a115-02bd512d197e',2,'El verbo to be — ser y estar en inglés','https://www.youtube.com/watch?v=KRyK79yP0oA','https://www.youtube.com/watch?v=10ffzPn1rdw','https://www.youtube.com/watch?v=phP_PKBzrsg',60) ON CONFLICT (id) DO NOTHING;
INSERT INTO public.semanas (id, mes_id, numero_semana, titulo, video_url, video_url_2, video_url_3, tiempo_estimado_minutos) VALUES ('50dd9242-9082-5ba9-93bb-c94310fc4fba','33f40446-79bc-53a7-a115-02bd512d197e',3,'Los pronombres personales y el vocabulario de familia','https://www.youtube.com/watch?v=D0RgdfHXFKE','https://www.youtube.com/watch?v=TZ6eC2EMstQ','https://www.youtube.com/watch?v=RPgrB2CVi3U',60) ON CONFLICT (id) DO NOTHING;
INSERT INTO public.semanas (id, mes_id, numero_semana, titulo, video_url, video_url_2, video_url_3, tiempo_estimado_minutos) VALUES ('da371c64-92af-5466-81c9-995b791a3aea','33f40446-79bc-53a7-a115-02bd512d197e',4,'Colores, días de la semana y meses del año','https://www.youtube.com/watch?v=5o9rgTQCYtU','https://www.youtube.com/watch?v=WisKxClrWP4','https://www.youtube.com/watch?v=CGC8slvdsL8',60) ON CONFLICT (id) DO NOTHING;
INSERT INTO public.semanas (id, mes_id, numero_semana, titulo, video_url, video_url_2, video_url_3, tiempo_estimado_minutos) VALUES ('76c62a25-0b81-5b13-93b3-c0f0986d387d','33f40446-79bc-53a7-a115-02bd512d197e',5,'El vocabulario de la comida y los alimentos','https://www.youtube.com/watch?v=GWElwZGZaLo','https://www.youtube.com/watch?v=vyTYReCv4rM','https://www.youtube.com/watch?v=jZ2HnQjW5fA',60) ON CONFLICT (id) DO NOTHING;
INSERT INTO public.semanas (id, mes_id, numero_semana, titulo, video_url, video_url_2, video_url_3, tiempo_estimado_minutos) VALUES ('029ac300-b96f-5a91-91de-2b5eb0fd473b','33f40446-79bc-53a7-a115-02bd512d197e',6,'El presente simple — acciones de la vida diaria','https://www.youtube.com/watch?v=KVuYDoZPGBQ','https://www.youtube.com/watch?v=UvHB2CtbZkc','https://www.youtube.com/watch?v=sfjUz-Oyq5E',60) ON CONFLICT (id) DO NOTHING;
INSERT INTO public.semanas (id, mes_id, numero_semana, titulo, video_url, video_url_2, video_url_3, tiempo_estimado_minutos) VALUES ('436f59c3-7a14-5dee-aaa4-d59350373092','33f40446-79bc-53a7-a115-02bd512d197e',7,'Preguntas básicas — cómo preguntar y responder','https://www.youtube.com/watch?v=PeXZktbTgLo','https://www.youtube.com/watch?v=YmuRtn6GiBI','https://www.youtube.com/watch?v=BaRh0CbJYNI',60) ON CONFLICT (id) DO NOTHING;
INSERT INTO public.semanas (id, mes_id, numero_semana, titulo, video_url, video_url_2, video_url_3, tiempo_estimado_minutos) VALUES ('c5621d2c-76fb-558e-8c41-d0b2913e1fc4','33f40446-79bc-53a7-a115-02bd512d197e',8,'Repaso general y preparación para examen final','https://www.youtube.com/watch?v=SQOEqIuh4gg','https://www.youtube.com/watch?v=_mS60CJt6hc','https://www.youtube.com/watch?v=Pi2snMjVv6E',60) ON CONFLICT (id) DO NOTHING;
